Название материала;Стандарт
02Х18Н11;ТУ 14-1-3183-81
03Н12Х5М3ТЛ;ГОСТ 977 - 88
03Н12Х5М3ТЮЛ;ГОСТ 977 - 88
03Х13Н9Д2ТМ;TУ 14-158-135-2003
03Х15Н35Г7М6Б;ГОСТ 10543 - 98
03Х16Н15М3;ГОСТ 5632 - 72
03Х16Н15М3Б;ГОСТ 5632 - 72
00Х16Н15М3Б;ГОСТ 5632 - 72
ЭИ844Б;ГОСТ 5632 - 72
03Х17Н14М3;ГОСТ 5632 - 72
000Х17Н13М2;ГОСТ 5632 - 72
03Х18Н10Т;ГОСТ 5632 - 72
00Х18Н10Т;ГОСТ 5632 - 72
03Х18Н11;ГОСТ 5632 - 72
000Х18Н11;ГОСТ 5632 - 72
03Х18Н12;ГОСТ 5632 - 72
000Х18Н12;ГОСТ 5632 - 72
03Х18Н16М3;ГОСТ Р 51394 - 99
03Х19Г10Н7М2;Not found
03Х20Н16АГ6;Not found
03Х21Н21М4ГБ;ГОСТ 5632 - 72
00Х20Н20М4Б;ГОСТ 5632 - 72
ЭИ35;ГОСТ 5632 - 72
03Х21Н32М3Б;ТУ 14-159-251-95
03Х21Н32М3Б-ВИ;ТУ 14-159-251-95
ЧС33;ТУ 14-159-251-95
ЧС33-ВИ;ТУ 14-159-251-95
ЭП864;ТУ 14-159-251-95
03Х22Н6М2;ГОСТ 5632 - 72
03Х23Н6;ГОСТ 5632 - 72
03ХН28МДТ;ГОСТ 5632 - 72
000Х23Н28М3Д3Т;ГОСТ 5632 - 72
ЭП516;ГОСТ 5632 - 72
04Х17Т;ГОСТ 11068 - 81
04Х18Н10;ГОСТ 5632 - 72
00Х18Н10;ГОСТ 5632 - 72
ЭИ842;ГОСТ 5632 - 72
ЭП550;ГОСТ 5632 - 72
05Г4МНФ;ОСТ 108.958.04-85
05кп;ГОСТ 1050 - 88
05Х12Н6Д2МФСГТ;ГОСТ 5950 - 2000
ДИ80;ГОСТ 5950 - 2000
05Х18Н10Т;ГОСТ 5632 - 72
0Х18Х10Т;ГОСТ 5632 - 72
06Г2СЮ;Not found
06Х1;ТУ 14-3-1972-97
06Х12Н3Д;ОСТ 108.958.04-85
06Х16Н15М2Г2ТФР-ИД;ТУ 14-3-1511-87
ЧС68-ИД;ТУ 14-3-1511-87
06Х16Н15М2Г2ТФР;ТУ 14-3-1511-87
ЧС68;ТУ 14-3-1511-87
06Х16Н15М3Б;ТУ 14-159-293-2005
06Х16Н15М3Б-ИД;ТУ 14-159-293-2005
ЭИ847-ИД;ТУ 14-159-293-2005
06Х18Н10Т;ГОСТ 10498 - 82
06Х18Н11;ГОСТ 5632 - 72
0Х18Н11;ГОСТ 5632 - 72
ЭИ684;ГОСТ 5632 - 72
06ХГСЮ;ТУ 14-1-4554-88
06ХН28МДТ;ГОСТ 5632 - 72
0Х23Н28М3Д3Т;ГОСТ 5632 - 72
ЭИ943;ГОСТ 5632 - 72
06ХН28МТ;ГОСТ 5632 - 72
06ХФ;ТУ 14-3-1972-97
07ГФБ;ГОСТ 19281 - 2014
07ГФБ-1;ГОСТ 19281 - 2014
07Х16Н4Б;ГОСТ 5632 - 72
07Х16Н6;ГОСТ 5632 - 72
Х16Н6;ГОСТ 5632 - 72
ЭП288;ГОСТ 5632 - 72
07Х17Н16ТЛ;ГОСТ 977 - 88
07Х18Н10Г2С2М2Л;ГОСТ 977 - 88
07Х18Н9Л;ГОСТ 977 - 88
07Х21Г7АН5;ГОСТ 5632 - 72
Х21Г7АН5;ГОСТ 5632 - 72
ЭП222;ГОСТ 5632 - 72
07Х21Н9С2МЛ;ОСТ 1-90090-79
ВНЛ-4;ОСТ 1-90090-79
07Х24Н8М2Д3Л;ОСТ 1-90090-79
ВКЛ-1;ОСТ 1-90090-79
08;ГОСТ 1050 - 88
08Г2ДНФЛ;ГОСТ 21357 - 87
08Г2С;ГОСТ 10884 - 94
08ГБЮ;ТУ 14-3-1573-96
08ГДНФ;ТУ 108-11-514-80
08ГДНФЛ;ГОСТ 977 - 88
08кп;ГОСТ 1050 - 88
08Н6Г4МЛ;ГОСТ 977 - 88
08пс;ГОСТ 1050 - 88
08Фкп;Not found
08Х10Н20Т2;ГОСТ 5632 - 72
0Х10Н20Т2;ГОСТ 5632 - 72
08Х12Н4ГСМЛ;ГОСТ 977 - 88
08Х13;ГОСТ 5632 - 72
0Х13;ГОСТ 5632 - 72
ЭИ496;ГОСТ 5632 - 72
08Х14МФ;ТУ 14-3-1808-91
08Х14МФ-Ш;ТУ 14-3-1808-91
08Х14Н5М2ДЛ;ОСТ 1-90090-79
ВНЛ-3;ОСТ 1-90090-79
08Х14Н7МЛ;ГОСТ 977 - 88
ВНЛ-1;ГОСТ 977 - 88
08Х14НДЛ;ГОСТ 977 - 88
08Х14Ф;ТУ 14-3-1808-91
08Х15Н24В4ТР;ГОСТ 5632 - 72
Х15Н24В4Т;ГОСТ 5632 - 72
ЭП164;ГОСТ 5632 - 72
08Х15Н25М3ТЮБ;Not found
08Х15Н4ДМЛ;ГОСТ 977 - 88
08Х15Н5Д2ТУ;ТУ 14-1-744-73
08Х15Н5Д2ТУ-Ш;ТУ 14-1-744-73
ЭП410У;ТУ 14-1-744-73
ЭП410У-Ш;ТУ 14-1-744-73
08Х15Н5Д2ТУ-ВД;ТУ 14-1-744-73
ЭП410У-ВД;ТУ 14-1-744-73
08Х15Н5Д2Т-Ш;ТУ 14-1-3577-83
08Х15Н5Д2Т;ТУ 14-1-3577-83
ЭП410-Ш;ТУ 14-1-3577-83
ВНС-2-Ш;ТУ 14-1-3577-83
ЭП410;ТУ 14-1-3577-83
08Х16Н11М3;Not found
08Х16Н13М2Б;ГОСТ 5632 - 72
1Х16Н13М2Б;ГОСТ 5632 - 72
ЭИ680;ГОСТ 5632 - 72
08Х16Н9М2;ТУ 14-3Р-55-2001
08Х17Н13М2Т;ГОСТ 5632 - 72
0Х17Н13М2Т;ГОСТ 5632 - 72
08Х17Н15М3Т;ГОСТ 5632 - 72
0Х17Н16М3Т;ГОСТ 5632 - 72
ЭИ580;ГОСТ 5632 - 72
08Х17Н34В5Т3Ю2Л;ГОСТ 977 - 88
08Х17Н34В5Т3Ю2РЛ;ГОСТ 977 - 88
08Х17Н5М3;ГОСТ 5632 - 72
Х17Н5М3;ГОСТ 5632 - 72
ЭИ925;ГОСТ 5632 - 72
08Х17Н6Т;ГОСТ 5632 - 72
ДИ-21;ГОСТ 5632 - 72
08Х17Т;ГОСТ 5632 - 72
0Х17Т;ГОСТ 5632 - 72
ЭИ645;ГОСТ 5632 - 72
08Х18Г8Н2Т;ГОСТ 5632 - 72
0Х18Г8Н2Т;ГОСТ 5632 - 72
КО-3;ГОСТ 5632 - 72
08Х18Н10;ГОСТ 5632 - 72
0Х18Н10;ГОСТ 5632 - 72
08Х18Н10Т;ГОСТ 5632 - 72
0Х18Н10Т;ГОСТ 5632 - 72
ЭИ914;ГОСТ 5632 - 72
08Х18Н12Б;ГОСТ 5632 - 72
0Х18Н12Б;ГОСТ 5632 - 72
ЭИ402;ГОСТ 5632 - 72
08Х18Н12Т;ГОСТ 5632 - 72
0Х18Н12Т;ГОСТ 5632 - 72
08Х18Т1;ГОСТ 5632 - 72
0Х18Т1;ГОСТ 5632 - 72
08Х18Тч;ГОСТ 5632 - 72
ДИ-77;ГОСТ 5632 - 72
08Х20Н14С2;ГОСТ 5632 - 72
0Х20Н14С2;ГОСТ 5632 - 72
ЭИ732;ГОСТ 5632 - 72
08Х21Н6М2Т;ГОСТ 5632 - 72
0Х21Н6М2Т;ГОСТ 5632 - 72
ЭП54;ГОСТ 5632 - 72
08Х22Н6Т;ГОСТ 5632 - 72
0Х22Н5Т;ГОСТ 5632 - 72
ЭП53;ГОСТ 5632 - 72
08ХГСБДП;ТУ 14-1-3346-82
08ХГСДП;ТУ 14-1-3346-82
08ХМФЧА;ТУ 1317-006.1-593377520-2003
08ХМФЧ;ТУ 1317-006.1-593377520-2003
08ХМФчЮА;ГОСТ 19281 - 2014
08ХМЧА;ТУ 14-162-14-96
08ХМЧ;ТУ 14-162-14-96
08Ю;ГОСТ 9045 - 93
08ЮА;ГОСТ 4041 - 71
09Г2;ГОСТ 19281 - 2014
09Г2-1;ГОСТ 19281 - 2014
09Г2Д;ГОСТ 19281 - 2014
09Г2Д-1;ГОСТ 19281 - 2014
09Г2ДТ;ГОСТ 19281 - 2014
09Г2С;ГОСТ 27772 - 88
09Г2С-1;ГОСТ 19281 - 2014
09Г2СД;ГОСТ 27772 - 88
09Г2СД-1;ГОСТ 19281 - 2014
09Г2Т;ГОСТ 19281 - 2014
09Г2ФБ;ГОСТ 19281 - 2014
09Г2ФБ-1;ГОСТ 19281 - 2014
09ГБЮ;ТУ 14-3-1573-96
09ГСФ;ТУ 1468-018-48124013-2003
09ГСФЮ;ГОСТ 19281 - 2014
09СФА;ТУ 14-162-14-96
09СФ;ТУ 14-162-14-96
09Х14Н16Б;ГОСТ 5632 - 72
ЭИ694;ГОСТ 5632 - 72
09Х14Н19В2БР;ГОСТ 5632 - 72
1Х14Н18В2БР;ГОСТ 5632 - 72
ЭИ695Р;ГОСТ 5632 - 72
09Х14Н19В2БР1;ГОСТ 5632 - 72
1Х14Н18В2БР1;ГОСТ 5632 - 72
ЭИ726;ГОСТ 5632 - 72
09Х15Н8Ю;ГОСТ 5632 - 72
Х15Н9Ю;ГОСТ 5632 - 72
ЭИ904;ГОСТ 5632 - 72
09Х15Н8Ю1;ГОСТ 5632 - 72
09Х16Н15М3Б;ГОСТ 5632 - 72
Х16Н15М3Б;ГОСТ 5632 - 72
ЭИ847;ГОСТ 5632 - 72
09Х16Н16МВ2БР;Not found
09Х16Н4Б;ГОСТ 5632 - 72
ЭП56;ГОСТ 5632 - 72
09Х16Н4БЛ;ГОСТ 977 - 88
09Х17Н;ОСТ 95-41-73
09Х17Н-Ш;ОСТ 95-41-73
ЧС130;ОСТ 95-41-73
09Х17Н3СЛ;ГОСТ 977 - 88
09Х17Н7Ю;ГОСТ 5632 - 72
0Х17Н7Ю;ГОСТ 5632 - 72
09Х17Н7Ю1;ГОСТ 5632 - 72
0Х17Н7Ю1;ГОСТ 5632 - 72
09Х18Н10Т;ГОСТ 10498 - 82
1Х18Н10Т;ГОСТ 10498 - 82
0Н6;Not found
0Н6А;Not found
0Н9;Not found
0Н9А;Not found
0Х18Н5Г12АБ;ТУ 14-1-784-73
НН3Б;ТУ 14-1-784-73
0Х20Н4АГ10;ТУ 14-1-784-73
НН3;ТУ 14-1-784-73
1;ГОСТ 10791 - 2004
10;ГОСТ 1050 - 88
1050;ГОСТ 618 - 73
10832;ГОСТ 3836 - 83
10848;ГОСТ 3836 - 83
10850;ГОСТ 11036 - 75
10860;ГОСТ 11036 - 75
10864;ГОСТ 3836-83
10880;ГОСТ 11036 - 75
10895;ГОСТ 11036 - 75
10Г2;ГОСТ 19281 - 2014
10Г2А;ГОСТ 30564 - 98
10Г2Б;ГОСТ 19281 - 2014
10Г2Б-1;ГОСТ 19281 - 2014
10Г2БД;ГОСТ 19281 - 2014
10Г2БД-1;ГОСТ 19281 - 2014
10Г2С;ГОСТ 19281 - 2014
10Г2С1;ГОСТ 19281 - 2014
10Г2С1Д;ГОСТ 19281 - 2014
10Г2СБ;ТУ 14-3-1573-96
10Г2СФБ;ТУ 14-3-1573-96
10Г2ФБ;ТУ 14-3-1573-96
10Г2ФБЮ;ГОСТ 19281 - 2014
10Г2ФБЮ-1;ГОСТ 19281 - 2014
10ГН2МФА;ТУ 0893-014-00212179-2004
10ГН2МФА-Ш;ТУ 0893-014-00212179-2004
10ГН2МФА-ВД;ТУ 0893-014-00212179-2004
10ГС2;ГОСТ 10884 - 94
10ГТ;ГОСТ 5781 - 82
10кп;ГОСТ 1050 - 88
10пс;ГОСТ 1050 - 88
10Х11Н20Т2Р;ГОСТ 5632 - 72
Х12Н20Т2Р;ГОСТ 5632 - 72
ЭИ696А;ГОСТ 5632 - 72
10Х11Н20Т3Р;ГОСТ 5632 - 72
Х12Н20Т3Р;ГОСТ 5632 - 72
ЭИ696;ГОСТ 5632 - 72
10Х11Н23Т3МР;ГОСТ 5632 - 72
Х12Н22Т3МР;ГОСТ 5632 - 72
ЭП33;ГОСТ 5632 - 72
10Х12НД;ОСТ 108.958.04-85
10Х12НДЛ;ГОСТ 977 - 88
10Х13Г12БС2Н2Д2;ТУ 14-3Р-55-2001
10Х13П2БС2Н2Д2;ТУ 14-3Р-55-2001
ДИ59;ТУ 14-3Р-55-2001
10Х13СЮ;ГОСТ 5632 - 72
1Х12СЮ;ГОСТ 5632 - 72
ЭИ404;ГОСТ 5632 - 72
10Х14АГ15;ГОСТ 5632 - 72
Х14АГ5;ГОСТ 5632 - 72
ДИ-13;ГОСТ 5632 - 72
10Х14Г14Н3;ГОСТ 5632-72
10Х14Г14Н4Т;ГОСТ 5632 - 72
Х14Г14Н3Т;ГОСТ 5632 - 72
ЭИ711;ГОСТ 5632 - 72
10Х14Н5М2Л;ОСТ 1-90090-79
ВНЛ-2;ОСТ 1-90090-79
10Х14НДЛ;ГОСТ 977 - 88
10Х15Н25В3ТЮ;Not found
10Х15Н25М3В3ТЮК;Not found
10Х15Н35В3ТЮ;Not found
10Х17Н10Г4МБЛ;ГОСТ 977 - 88
10Х17Н13М2Т;ГОСТ 5632 - 72
Х17Н13М2Т;ГОСТ 5632 - 72
ЭИ448;ГОСТ 5632 - 72
10Х17Н13М3Т;ГОСТ 5632 - 72
Х17Н13М3Т;ГОСТ 5632 - 72
ЭИ432;ГОСТ 5632 - 72
10Х18Н10Т;ГОСТ 11068 - 81
10Х18Н11БЛ;ГОСТ 977 - 88
10Х18Н18Ю4Д;Not found
10Х18Н3Г3Д2Л;ГОСТ 977 - 88
10Х18Н9БЛ;ОСТ 1-90090-79
Х18Н9БЛ;ОСТ 1-90090-79
10Х18Н9Л;ГОСТ 977 - 88
10Х23Н18;ГОСТ 5632 - 72
0Х23Н18;ГОСТ 5632 - 72
10Х25Н25ТР;Not found
10Х2ГНМ;ТУ 108-11-928-87
10Х2М;ГОСТ 5520 - 79
10Х2М-ВД;ГОСТ 5520 - 79
10Х2М1;ГОСТ 10885 - 85
10Х7МВФБР;ЧМТУ 1154-64
ЭП505;ЧМТУ 1154-64
10Х9МФБ-Ш;ТУ 14-3Р-55-2001
10Х9МФБ;ТУ 14-3Р-55-2001
ДИ82;ТУ 14-3Р-55-2001
ДИ82-Ш;ТУ 14-3Р-55-2001
10ХГСН1Д;ГОСТ 10885 - 85
10ХНДП;ГОСТ 27772 - 88
10ХСНД;ГОСТ 19281-89
10ХСНД-Ш;ГОСТ 19281 - 2014
10ЮА;ГОСТ 4041 - 71
1105;ГОСТ 4784 - 97
110Г13Л;ГОСТ 977 - 88
110Г13ФТЛ;ГОСТ 977 - 88
110Г13Х2БРЛ;ГОСТ 977 - 88
110Г13ХБРЛ;ГОСТ 21357 - 87
1145;ГОСТ 618 - 73
1163;ОСТ 1-90048-90
11832;ГОСТ 3836 - 83
11848;ГОСТ 3836 - 83
11850;ГОСТ 11036 - 75
11860;ГОСТ 11036 - 75
11864;ГОСТ 11036-75
11880;ГОСТ 11036 - 75
11895;ГОСТ 11036 - 75
11кп;ГОСТ 1050 - 88
11М5Ф;ТУ 14-1-2678-0
11Р3АМ3Ф2;ГОСТ 19265 - 73
11Х11Н2В2МФ;ГОСТ 5632 - 72
Х12Н2ВМФ;ГОСТ 5632 - 72
ЭИ962;ГОСТ 5632 - 72
11Х18М-ШД;Not found
11Х4В2МФ3С2;ГОСТ 5950 - 2000
ДИ37;ГОСТ 5950 - 2000
11ХФ;ГОСТ 5950 - 2000
11Х;ГОСТ 5950 - 2000
ИХ;ГОСТ 5950 - 2000
11ЮА;ГОСТ 803 - 81
1201;ГОСТ 4784 - 97
120Г10ФЛ;ГОСТ 977 - 88
120Г13Х2БЛ;ГОСТ 977 - 88
1211;ГОСТ 21427.3 - 75
1212;ГОСТ 21427.3 - 75
1213;ГОСТ 21427.3 - 75
12Г2;ГОСТ 1542-71
12Г2А;ОСТ 14-21-77
12Г2Б;ГОСТ 19281 - 2014
12Г2Б-1;ГОСТ 19281 - 2014
12Г2С;ГОСТ 27772 - 88
12Г2С-1;ГОСТ 19281 - 2014
12Г2СБ;ТУ 14-3-1573-96
12Г2СД;ГОСТ 27772 - 88
12Г2СД-1;ГОСТ 19281 - 2014
12Г2СМФ;ГОСТ 27772 - 88
12Г2Ф;ГОСТ 19281 - 2014
12Г2Ф-1;ГОСТ 19281 - 2014
12Г2ФД;ГОСТ 19281 - 2014
12Г2ФД-1;ГОСТ 19281 - 2014
12ГН2МФАЮ;ГОСТ 27772 - 88
12ГС;ГОСТ 19281 - 2014
12ГС-1;ГОСТ 19281 - 2014
12ГСБ;ТУ 14-3-1573-96
12ГСБЮ;ГОСТ 19281 - 2014
12ГСБЮ-1;ГОСТ 19281 - 2014
12ГФ-Ш;ТУ 14-159-260-95
12ГФ;ТУ 14-159-260-95
12ДН2ФЛ;ГОСТ 977 - 88
12ДХН1МФЛ;ГОСТ 977 - 88
12К;Not found
12МХ;ГОСТ 20072 - 74
12Х1;ГОСТ 5950 - 2000
120Х;ГОСТ 5950 - 2000
ЭП430;ГОСТ 5950 - 2000
12Х11В2МФ;ТУ 14-3Р-55-2001
12Х12М1БФР-Ш;ТУ 14-3-1511-87
ЭП450-Ш;ТУ 14-3-1511-87
12Х12М1БФР;ТУ 14-3-1511-87
ЭП450;ТУ 14-3-1511-87
12Х12МВФБР;ТУ 7845223-69
ЭП752;ТУ 7845223-69
12Х13;ГОСТ 5632 - 72
1Х13;ГОСТ 5632 - 72
12Х14Н14В2М;Not found
12Х17;ГОСТ 5632 - 72
Х17;ГОСТ 5632 - 72
12Х17Г9АН4;ГОСТ 5632 - 72
Х17Г9АН4;ГОСТ 5632 - 72
ЭИ878;ГОСТ 5632 - 72
12Х18Н10Е;ГОСТ 5632 - 72
X18H10E;ГОСТ 5632 - 72
ЭП47;ГОСТ 5632 - 72
12Х18Н10Т;ГОСТ 5632 - 72
Х18Н10Т;ГОСТ 5632 - 72
12Х18Н12БЛ;ГОСТ 977 - 88
12Х18Н12М3ТЛ;ГОСТ 977 - 88
12Х18Н12Т;ГОСТ 5632 - 72
Х18Н12Т;ГОСТ 5632 - 72
12Х18Н9;ГОСТ 5632 - 72
Х18Н9;ГОСТ 5632 - 72
12Х18Н9Т;ГОСТ 5632 - 72
Х18Н9Т;ГОСТ 5632 - 72
12Х18Н9ТЛ;ГОСТ 977 - 88
12Х19Н7Г2САЛ;ГОСТ 977 - 88
12Х1МФ;ГОСТ 20072 - 74
12ХМФ;ГОСТ 20072 - 74
12Х1МФ-ПВ;ТУ 14-3Р-55-2001
12Х21Н5Г2САЛ;ГОСТ 977 - 88
12Х21Н5Г2СЛ;ГОСТ 977 - 88
12Х21Н5Г2СМ2Л;ГОСТ 977 - 88
12Х21Н5Г2СТЛ;ГОСТ 977 - 88
12Х21Н5Т;ГОСТ 5632 - 72
1Х21Н5Т;ГОСТ 5632 - 72
ЭИ811;ГОСТ 5632 - 72
12Х25Н16Г7АР;ГОСТ 5632 - 72
Х25Н16Г7АР;ГОСТ 5632 - 72
ЭИ835;ГОСТ 5632 - 72
12Х25Н5ТМФЛ;ГОСТ 977 - 88
12Х2М;ТУ 14-159-297-2006
12Х2М-ВД;ТУ 14-159-297-2006
12Х2МВ8ФБ;ЧМТУ 1154-64
ЭП503;ЧМТУ 1154-64
12Х2МФБ;ТУ 14-3-460-75
12Х2МФСР;ТУ 14-3-460-75
12Х2Н4А;ГОСТ 4543 - 71
12Х2НВФА;ГОСТ 11268 - 76
ЭИ712;ГОСТ 11268 - 76
12Х2НВФМА;ГОСТ 11268 - 76
ЭИ712М;ГОСТ 11268 - 76
12Х2НМ1ФА;ГОСТ 11268 - 76
12Х2НМФА;ГОСТ 11268 - 76
12Х7Г3СЛ;ГОСТ 977 - 88
12Х8;ГОСТ 550 - 75
12Х8ВФ;ГОСТ 20072 - 74
1Х8ВФ;ГОСТ 20072 - 74
12ХГН2МФБАЮ;ТУ 14-1-104-13-75
12ХГФЛ;ГОСТ 21357 - 87
12ХМ;ГОСТ 5520 - 79
12ХН;ГОСТ 10702 - 78
12ХН2;ГОСТ 4543 - 71
12ХН2А;ГОСТ 4543 - 71
12ХН2МДФ;ТУ 14-1-3116-81
12ХН3А;ГОСТ 1050 - 88
12ХНВФА;ДСТУ 3-009-2000
130Г14ХМФАЛ;ГОСТ 977 - 88
1311;ГОСТ 21427.3 - 75
1312;ГОСТ 21427.3 - 75
1313;ГОСТ 21427.3 - 75
13Г1СБ-У;ТУ 14-3-1573-96
13Г1СБ;ТУ 14-3-1573-96
13Г1С-У;ТУ 14-3-1573-96
13Г1С;ТУ 14-3-1573-96
13Г2АФ;ТУ 14-3-1573-96
13ГС;ТУ 14-3-1573-96
13ГС-У;ТУ 14-3-1573-96
13Н2ХА;ТУ 14-1-950-74
13Н5А;ТУ 14-1-950-74
13Х;ГОСТ 5950 - 2000
13Х11Н2В2МФ;ГОСТ 5632 - 72
1Х12Н2ВМФ;ГОСТ 5632 - 72
ЭИ961;ГОСТ 5632 - 72
13Х11Н2В2МФЛ;ОСТ 1-90090-79
ЭИ961Л;ОСТ 1-90090-79
13Х14Н3В2ФР;ГОСТ 5632 - 72
Х14НВФР;ГОСТ 5632 - 72
ЭИ736;ГОСТ 5632 - 72
13Х14Н3В2ФРЛ;ОСТ 1-90090-79
513Л;ОСТ 1-90090-79
ЭИ736Л;ОСТ 1-90090-79
13Х16Н3Б;ОСТ 108.958.04-85
13ХНДФТЛ;ГОСТ 977 - 88
13ХФА;ТУ 1317-006.1-593377520-2003
13ХФЮ;ГОСТ 19281 - 2014
14;ОСТ 1-92077-91
1411;ГОСТ 21427.3 - 75
1412;ГОСТ 21427.3 - 75
1413;ГОСТ 21427.3 - 75
1420;Not found
14Г2;ГОСТ 19281 - 2014
14Г2-1;ГОСТ 19281 - 2014
14Г2А;ГОСТ 19281 - 2014
14Г2АФ;ГОСТ 27772 - 88
14Г2АФ-1;ГОСТ 19281 - 2014
14Г2АФД;ГОСТ 27772 - 88
14Г2АФД-1;ГОСТ 19281 - 2014
14ГН;ГОСТ 19281 - 2014
14СНД;ГОСТ 19281 - 2014
14Х17Н2;ГОСТ 5632 - 72
1Х17Н2;ГОСТ 5632 - 72
ЭИ268;ГОСТ 5632 - 72
14Х17Н2Л;ОСТ 1-90090-79
ЭИ268Л;ОСТ 1-90090-79
14Х18Н4Г4Л;ГОСТ 977 - 88
14Х2ГМР;ЧМТУ 1-645-69
14Х2ГМРЛ;ГОСТ 21357 - 87
14Х2Н3МА;ГОСТ 4543-71
14ХГН;ГОСТ 4543 - 71
14ХГС;ГОСТ 19281 - 2014
14ХГСН2МА;ГОСТ 4543 - 71
14ХНМДФР;ЧМТУ 1-645-69
15;ГОСТ 1050 - 88
1511;ГОСТ 21427.3 - 75
1512;ГОСТ 21427.3 - 75
1513;ГОСТ 21427.3 - 75
1514;ГОСТ 21427.3 - 75
1521;ГОСТ 21427.3 - 75
1561;ГОСТ 21427.3 - 75
1562;ГОСТ 21427.3 - 75
1571;ГОСТ 21427.3 - 75
1572;ГОСТ 21427.3 - 75
15Г;ГОСТ 4543 - 71
15Г2АФ;ГОСТ 19281 - 2014
15Г2АФД;ГОСТ 19281 - 2014
15Г2АФД-1;ГОСТ 19281 - 2014
15Г2АФДпс;ГОСТ 27772 - 88
15Г2СФ;ГОСТ 19281-2014
15Г2СФ-1;ГОСТ 19281 - 2014
15Г2СФД;ГОСТ 19281 - 2014
15Г2СФД-1;ГОСТ 19281 - 2014
15ГЛ;ГОСТ 977 - 88
15ГНЛ;ТУ 24.11.01.092-0
15ГС;ГОСТ 19281 - 2014
15ГС-Ш;ТУ 1310-030-00212179-2007
15ГФ;ГОСТ 19281 - 2014
15ГФ-1;ГОСТ 19281 - 2014
15ГФД;ГОСТ 19281 - 2014
15ГФД-1;ГОСТ 19281 - 2014
15К;ГОСТ 5520 - 79
15кп;ГОСТ 1050 - 88
15Л;ГОСТ 977 - 88
15Н2М;ГОСТ 4543 - 71
15НМ;ГОСТ 4543 - 71
15пс;ГОСТ 1050 - 88
15Х;ГОСТ 4543 - 71
15Х11МФ;ГОСТ 5632 - 72
1Х11МФ;ГОСТ 5632 - 72
15Х12ВНМФ;ГОСТ 5632 - 72
1Х12ВНМФ;ГОСТ 5632 - 72
ЭИ802;ГОСТ 5632 - 72
15Х13Л;ГОСТ 977 - 88
15Х14НЛ;ГОСТ 977 - 88
15Х17АГ14;ГОСТ 5632-72
15Х18Н10Г2С2М2Л;ГОСТ 977 - 88
15Х18Н10Г2С2М2ТЛ;ГОСТ 977 - 88
15Х18Н12С4Л;ОСТ 1-90090-79
15Х18Н12С4ТЮ;ГОСТ 5632 - 72
ЭИ654;ГОСТ 5632 - 72
15Х18Н12С4ТЮЛ;ОСТ 1-90090-79
ЭИ654Л;ОСТ 1-90090-79
15Х18Н22В6М2Л;ГОСТ 977 - 88
15Х18Н22В6М2РЛ;ГОСТ 977 - 88
15Х18СЮ;ГОСТ 5632 - 72
Х18СЮ;ГОСТ 5632 - 72
ЭИ484;ГОСТ 5632 - 72
15Х1М1Ф;Not found
15Х23Н18Л;ГОСТ 977 - 88
15Х25Т;ГОСТ 5632 - 72
Х25Т;ГОСТ 5632 - 72
ЭИ439;ГОСТ 5632 - 72
15Х25ТЛ;ГОСТ 977 - 88
15Х28;ГОСТ 5632 - 72
Х28;ГОСТ 5632 - 72
ЭИ349;ГОСТ 5632 - 72
15Х2ГН2ТА;ГОСТ 4543 - 71
15Х2ГН2ТРА;ГОСТ 4543 - 71
15Х2М2ФБС;Not found
15Х5;ГОСТ 20072 - 74
Х5;ГОСТ 20072 - 74
15Х5ВФ;ГОСТ 20072 - 74
Х5ВФ;ГОСТ 20072 - 74
15Х5М;ГОСТ 20072 - 74
Х5М;ГОСТ 20072 - 74
15Х6СЮ;ГОСТ 5632 - 72
Х6СЮ;ГОСТ 5632 - 72
ЭИ428;ГОСТ 5632 - 72
15ХА;ГОСТ 4543 - 71
15ХГН2ТА;ГОСТ 4543 - 71
15ХГНТА;ГОСТ 4543 - 71
15ХГНМ;ГОСТ 10702 - 78
15ХЛ;ГОСТ 977 - 88
15ХМ;ГОСТ 4543 - 71
15ХМФА;ТУ 1317-006.1-593377520-2003
15ХМФКР;Not found
15ХН2ТА;ГОСТ 4543 - 71
15ХР;ГОСТ 4543 - 71
15ХСНД;ГОСТ 19281 - 2014
15ХСНД-Ш;ГОСТ 19281 - 2014
15ХФ;ГОСТ 4543 - 71
15ХФА;ТУ 1317-006.1-593377520-2003
15ЮА;ГОСТ 4041 - 71
16Г2;ГОСТ 1542-71
16Г2АФ;ГОСТ 27772 - 88
16Г2АФ-1;ГОСТ 19281 - 2014
16Г2АФД;ГОСТ 27772 - 88
16Г2АФД-1;ГОСТ 19281 - 2014
16Г2САФ;ТУ 14-1-1950-2004
16Г2СФ;ТУ 14-1-1921-76
16ГН;ГОСТ 19281 - 2014
16ГНМ;Not found
16ГНМА;ОСТ 108.030.113-87
16ГС;ГОСТ 19281 - 2014
16ГС-1;ГОСТ 19281 - 2014
16ГС-Ш;ТУ 1310-030-00212179-2007
16Д;ГОСТ 6713 - 91
16Д-Ш;ГОСТ 6713 - 91
16К;ГОСТ 5520 - 79
16Х;ГОСТ 10994 - 74
16Х11Н2В2МФ;ГОСТ 5632 - 72
ЭИ962А;ГОСТ 5632 - 72
2Х12Н2ВМФ;ГОСТ 5632 - 72
16Х18Н12С4ТЮЛ;ГОСТ 977 - 88
16Х2ГСБ;ГОСТ 19281 - 2014
16ХГТА;ТУ 14-1-950-74
ЭИ274;ТУ 14-1-950-74
16ХСН;ГОСТ 10702 - 78
17Г1С;ГОСТ 19281 - 2014
17Г1С-1;ГОСТ 19281 - 2014
17Г1С-У;ГОСТ 19281 - 2014
17Г1С-У-1;ГОСТ 19281 - 2014
17ГС;ГОСТ 19281 - 2014
17ГС-1;ГОСТ 19281 - 2014
17Х18Н9;ГОСТ 5632 - 72
2Х18Н9;ГОСТ 5632 - 72
17ХНГТ;ГОСТ 10994 - 74
18Г2;ОСТ 14-21-77
18Г2АФ;ГОСТ 19281 - 2014
18Г2АФ-1;ГОСТ 19281 - 2014
18Г2АФД;ГОСТ 19281 - 2014
18Г2АФД-1;ГОСТ 19281 - 2014
18Г2АФДпс;ГОСТ 19281-89
18Г2АФпс;ГОСТ 19281-89
18Г2С;ГОСТ 19281 - 2014
18Гпс;ГОСТ 380-71
18К;ГОСТ 5520 - 79
18кп;ГОСТ 1050 - 88
18Х11МНФБ;ГОСТ 5632 - 72
2Х11МФБН;ГОСТ 5632 - 72
ЭП291;ГОСТ 5632 - 72
18Х12ВМБФР;ГОСТ 5632 - 72
2Х12ВМБФР;ГОСТ 5632 - 72
ЭИ993;ГОСТ 5632 - 72
18Х15Н3М-Ш;ТУ 14-1-3297-82
18Х15Н3М;ТУ 14-1-3297-82
ДИ1-Ш;ТУ 14-1-3297-82
ДИ1;ТУ 14-1-3297-82
18Х25Н19СЛ;ГОСТ 977 - 88
18Х2Н4ВА;ГОСТ 4543 - 71
18Х2Н4МА;ГОСТ 4543 - 71
18Х3МВ;ГОСТ 20072 - 74
ЭИ578;ГОСТ 20072 - 74
18ХГ;ГОСТ 4543 - 71
18ХГТ;ГОСТ 1050 - 88
18ЮА;ГОСТ 803 - 81
19;ОСТ 1-92077-91
1901;ОСТ 1-92014-90
1903;ОСТ 1-92014-90
1915;ГОСТ 4784 - 97
1920;ОСТ 1-92014-90
1925;ГОСТ 4784 - 97
1980;ОСТ 5.9466-88
1985ч;ОСТ 5.9466-88
19НХ;ГОСТ 10994 - 74
19Х2НВФА;ГОСТ 11268 - 76
19Х2НМФА;ГОСТ 11268 - 76
19ХГН;ГОСТ 10702 - 78
1Х2М1;ГОСТ 550 - 75
2;ГОСТ 10791 - 2004
20;ГОСТ 1050 - 88
2011;ГОСТ 21427.2 - 83
2012;ГОСТ 21427.2 - 83
2013;ГОСТ 21427.2 - 83
20832;ГОСТ 3836 - 83
20848;ГОСТ 3836 - 83
20850;ГОСТ 11036 - 75
20860;ГОСТ 11036 - 75
20864;ГОСТ 3836-83
20880;ГОСТ 11036 - 75
20895;ГОСТ 11036 - 75
20А;ГОСТ 21729 - 76
20Г;ГОСТ 4543 - 71
20Г1ФЛ;ГОСТ 977 - 88
20Г2;ГОСТ 10702 - 78
20Г2С;ГОСТ 19281 - 2014
20ГЛ;ГОСТ 977 - 88
20ГНМФЛ;ГОСТ 977 - 88
20ГНМЮЛ;ГОСТ 977 - 88
20ГС;ГОСТ 19281 - 2014
20ГС2;ГОСТ 10884 - 94
20ГСЛ;ГОСТ 977 - 88
20ДХЛ;ГОСТ 977 - 88
20К;ГОСТ 5520 - 79
20кп;ГОСТ 1050 - 88
20Л;ГОСТ 977 - 88
20Н2М;ГОСТ 4543 - 71
20НМ;ГОСТ 4543 - 71
20НГ;ГОСТ 10994 - 74
20-ПВ;ТУ 14-3Р-55-2001
20ПВ;ТУ 14-3Р-55-2001
20пс;ГОСТ 1050 - 88
20Ф;ТУ 1468-018-48124013-2003
20ФА;ТУ 14-158-114-99
20ФЛ;ГОСТ 977 - 88
20ФТЛ;ГОСТ 21357 - 87
20ФЮ;ГОСТ 19281 - 2014
20Х;ГОСТ 4543 - 71
20Х12ВНМФ;ГОСТ 5632 - 72
2Х12ВНМФ;ГОСТ 5632 - 72
ЭП428;ГОСТ 5632 - 72
20Х12ВНМФЛ;ГОСТ 977 - 88
20Х12Н12Г6;ГОСТ 9124 - 85
20Х12Н2В2МФ;Not found
20Х13;ГОСТ 5632 - 72
2Х13;ГОСТ 5632 - 72
20Х13Л;ГОСТ 977 - 88
20Х13Н4Г9;ГОСТ 5632 - 72
2Х13Н4Г9;ГОСТ 5632 - 72
ЭИ100;ГОСТ 5632 - 72
20Х14;ГОСТ 10543 - 98
20Х17Н2;ГОСТ 5632 - 72
2Х17Н2;ГОСТ 5632 - 72
20Х17Н3М;ГОСТ 10543 - 98
20Х1М1Ф1БР;ГОСТ 20072 - 74
ЭП44;ГОСТ 20072 - 74
20ХМФБ;ГОСТ 20072 - 74
20Х1М1Ф1ТР;ГОСТ 20072 - 74
ЭП182;ГОСТ 20072 - 74
20Х20Н14С2;ГОСТ 5632 - 72
Х20Н14С2;ГОСТ 5632 - 72
ЭИ211;ГОСТ 5632 - 72
20Х20Н14С2Л;ГОСТ 977 - 88
20Х21Н46В8Л;ГОСТ 977 - 88
20Х21Н46В8РЛ;ГОСТ 977 - 88
20Х23Н13;ГОСТ 5632 - 72
Х23Н13;ГОСТ 5632 - 72
ЭИ319;ГОСТ 5632 - 72
20Х23Н18;ГОСТ 5632 - 72
Х23Н18;ГОСТ 5632 - 72
ЭИ417;ГОСТ 5632 - 72
20Х25Н19С2Л;ГОСТ 977 - 88
20Х25Н20С2;ГОСТ 5632 - 72
Х25Н20С2;ГОСТ 5632 - 72
ЭИ283;ГОСТ 5632 - 72
20Х2Г2СР;ГОСТ 5781 - 82
20Х2Н4А;ГОСТ 4543 - 71
20Х3МВФ;ГОСТ 20072 - 74
ЭИ415;ГОСТ 20072 - 74
ЭИ579;ГОСТ 20072 - 74
20Х3МВФ.;ГОСТ 4543 - 71
38Х2Ю;ГОСТ 4543 - 71
20Х5МЛ;ГОСТ 977 - 88
20Х5ТЛ;ГОСТ 977 - 88
20Х8ВЛ;ГОСТ 977 - 88
20ХГ2Т;ГОСТ 5781 - 82
20ХГ2Ц;ГОСТ 5781 - 82
20ХГНМ;ГОСТ 4543 - 71
20ХГНР;ГОСТ 4543 - 71
20ХГНТР;ГОСТ 1050 - 88
20ХГР;ГОСТ 4543 - 71
20ХГС2;ГОСТ 10884 - 94
20ХГСА;ГОСТ 4543 - 71
20ХГСНДМЛ;ГОСТ 977-75
20ХГСФЛ;ГОСТ 21357 - 87
20ХМ;ГОСТ 4543 - 71
20ХМЛ;ГОСТ 977 - 88
20ХМФБР;Not found
20ХМФЛ;ГОСТ 977 - 88
20ХН;ГОСТ 4543 - 71
20ХН2М;ГОСТ 1050 - 88
20ХНМ;ГОСТ 4543 - 71
20ХН3А;ГОСТ 4543 - 71
20ХН3МФА;ОСТ 108.958.04-85
20ХН4ФА;ГОСТ 4543 - 71
20ХНГ;ГОСТ 4543 - 71
20ХНР;ГОСТ 4543 - 71
20ХФ;ГОСТ 4543 - 71
20ХФА;ТУ 1317-006.1-593377520-2003
20ЮА;ГОСТ 4041 - 71
20ЮЧ;ТУ 14-1-4853-90
20ЮЧА;ТУ 14-162-14-96
2111;ГОСТ 21427.2 - 83
2112;ГОСТ 21427.2 - 83
21832;ГОСТ 3836 - 83
21848;ГОСТ 3836 - 83
21850;ГОСТ 11036 - 75
21860;ГОСТ 11036 - 75
21864;ГОСТ 11036-75
21880;ГОСТ 11036 - 75
21895;ГОСТ 11036 - 75
21Х2НВФА;ГОСТ 11268 - 76
21Х2НМФА;ГОСТ 11268 - 76
2211;ГОСТ 21427.2 - 83
2212;ГОСТ 21427.2 - 83
2213;ГОСТ 21427.2 - 83
2214;ГОСТ 21427.2 - 83
2215;ГОСТ 21427.2 - 83
2216;ГОСТ 21427.2 - 83
22ГЮ;ГОСТ 10705 - 80
22К;ГОСТ 5520 - 79
22С;ГОСТ 10884 - 94
22Х2Г2АЮ;ГОСТ 5781 - 82
22Х2Г2Р;ГОСТ 5781 - 82
22ХНМ;ТУ 14-1-1011-2008
2311;ГОСТ 21427.2-75
2312;ГОСТ 21427.2 - 83
23Г2Д;ТУ 14-1-677-73
23Х2Г2Т;ГОСТ 5781 - 82
23Х2Г2Ц;ГОСТ 5781 - 82
23Х2НВФА;ГОСТ 11268 - 76
ЭИ659;ГОСТ 11268 - 76
23Х2НМФА;ГОСТ 11268 - 76
23ХГС2МФЛ;ГОСТ 977 - 88
2411;ГОСТ 21427.2 - 83
2412;ГОСТ 21427.2 - 83
2413;ГОСТ 21427.2 - 83
2414;ГОСТ 21427.2 - 83
2421;ГОСТ 21427.2 - 83
24НХ;ГОСТ 10994 - 74
25;ГОСТ 1050 - 88
25Г;ГОСТ 4543 - 71
25Г2С;ГОСТ 5781 - 82
25ГС;Not found
25ГСЛ;ГОСТ 977 - 88
25К;ГОСТ 5520 - 79
25КФ14Н;ГОСТ 10994-74
25Л;ГОСТ 977 - 88
25пс;ГОСТ 4041 - 71
25С2Р;ГОСТ 10884 - 94
25Х13Н2;ГОСТ 5632 - 72
2Х14Н2;ГОСТ 5632 - 72
ЭИ474;ГОСТ 5632 - 72
25Х17Н2В-Ш;ТУ 14-1-1062-74
25Х17Н2В;ТУ 14-1-1062-74
25Х1М1Ф;ГОСТ 20072 - 74
25Х1М1ФА;ОСТ 108.958.04-85
25Х1МФ;ГОСТ 20072 - 74
ЭИ10;ГОСТ 20072 - 74
25Х2Г2ФЛ;Not found
25Х2ГНМФЛ;ГОСТ 977 - 88
25Х2ГНТА;ТУ 14-1-195-72
25Х2М1Ф;Not found
25Х2Н4ВА;ГОСТ 4543 - 71
25Х2Н4МА;ГОСТ 4543 - 71
25Х2НМЛ;ГОСТ 21357-87
25ХГЛ;ГОСТ 977 - 88
25ХГМ;ГОСТ 4543 - 71
25ХГНМТ;ГОСТ 4543 - 71
25ХГСА;ГОСТ 4543 - 71
25ХГСЛ;ГОСТ 977 - 88
25ХГТ;ГОСТ 4543 - 71
27;ОСТ 1-92077-91
27ГС;ГОСТ 10884 - 94
27КХ;ГОСТ 10994 - 74
27Х2Н2М1Ф;ТУ 5950-73-73
27Х5ГСМЛ;ГОСТ 977 - 88
27ХГР;ГОСТ 4543 - 71
27ХГСНМДТЛ;ГОСТ 21357 - 87
27ХН2МФЛ;ГОСТ 21357 - 87
28С;ГОСТ 10884 - 94
28ХГ2ТР;ДСТУ 3-009-2000
29НК;ГОСТ 10994 - 74
29НК-ВИ;ГОСТ 10994 - 74
29НК-ВИ-1;ГОСТ 10994 - 74
29НК-1;ГОСТ 10994 - 74
2В;ГОСТ 27265 - 87
2Х6В8М2К8;Not found
3;ГОСТ 10791 - 2004
30;ГОСТ 1050 - 88
30Г;ГОСТ 4543 - 71
30Г2;ГОСТ 4543 - 71
30ГЛ;ГОСТ 977 - 88
30ГС;ГОСТ 977 - 88
30ГСЛ;ГОСТ 977 - 88
30Л;ГОСТ 977 - 88
30НКД;ГОСТ 10994 - 74
30НКД-ВИ;ГОСТ 10994 - 74
30Х;ГОСТ 4543 - 71
30Х10Г10;ГОСТ 5632-72
30Х10Г10Т;ГОСТ 10543 - 98
30Х13;ГОСТ 5632 - 72
3Х13;ГОСТ 5632 - 72
30Х13Н7С2;ГОСТ 5632 - 72
3Х13Н7С2;ГОСТ 5632 - 72
ЭИ72;ГОСТ 5632 - 72
30Х2ГН2;ГОСТ 4543 - 71
30Х2НВА;ТУ 14-1-950-74
30Х2НВФА;ТУ 14-1-950-74
30Х2НМА;ТУ 14-1-950-74
30Х2НМФА;ТУ 14-1-950-74
30Х3ВА;ТУ 14-1-950-74
30Х3ВА-Ш;ТУ 14-1-950-74
30Х3МА;ТУ 14-1-950-74
30Х3МФ;ГОСТ 4543 - 71
30Х3С3ГМЛ;ГОСТ 977 - 88
30Х5;ГОСТ 10543 - 98
30ХГ1;ГОСТ 977 - 88
5МФРЛ;ГОСТ 977 - 88
30ХГ2СТЛ;ГОСТ 21357 - 87
30ХГВТ;ГОСТ 4543 - 71
30ХГС;ГОСТ 4543 - 71
30ХГСА;ГОСТ 4543 - 71
30ХГСН2А;ГОСТ 4543 - 71
30ХГСНА;ГОСТ 4543 - 71
30ХГСН2МА-ВД;ТУ 14-3-674-78
30ХГСН2МА;ТУ 14-3-674-78
30ХГСНМА;ГОСТ 21729 - 76
30ХГСФЛ;ГОСТ 977 - 88
30ХГСФРЛ;ТУ 24.00.001-0
30ХГТ;ГОСТ 1050 - 88
30ХГФРЛ;ТУ 24.00.001-0
30ХЛ;ГОСТ 977 - 88
30ХМ;ГОСТ 4543 - 71
30ХМА;ГОСТ 4543 - 71
30ХМЛ;ГОСТ 977 - 88
30ХН2ВА;ГОСТ 4543 - 71
30ХН2ВФА;ГОСТ 4543 - 71
30ХН2МА;ГОСТ 4543 - 71
30ХНМА;ГОСТ 4543 - 71
30ХН2МФА;ГОСТ 4543 - 71
30ХН3А;ГОСТ 4543 - 71
30ХН3М2ФА;ТУ 108.1028-81
30ХНМЛ;ГОСТ 977 - 88
30ХРА;ГОСТ 4543 - 71
30ХС2;ГОСТ 10884 - 94
31Х19Н9МВБТ;ГОСТ 5632 - 72
3Х19Н9МВБТ;ГОСТ 5632 - 72
ЭИ572;ГОСТ 5632 - 72
31Х19Н9МВБТЛ;ГОСТ 977 - 88
32Г2;ДСТУ 3-009-2000
32Г2М;ДСТУ 3-009-2000
32Г2Рпс;ГОСТ 5781 - 82
32Г2С;ДСТУ 3-009-2000
32НК-ВИ;ГОСТ 10994 - 74
32НКД;ГОСТ 10994 - 74
32Х06Л;ГОСТ 977 - 88
3311;ГОСТ 21427.1 - 83
33НК;ГОСТ 10994 - 74
33НК-ВИ;ГОСТ 10994 - 74
33ХС;ГОСТ 4543 - 71
3404;ГОСТ 21427.1 - 83
3405;ГОСТ 21427.1 - 83
3406;ГОСТ 21427.1 - 83
3407;ГОСТ 21427.1 - 83
3408;ГОСТ 21427.1 - 83
3409;ГОСТ 21427.1 - 83
3411;ГОСТ 21427.1 - 83
3412;ГОСТ 21427.1 - 83
3413;ГОСТ 21427.1 - 83
3414;ГОСТ 21427.1 - 83
3415;ГОСТ 21427.1 - 83
3416;ГОСТ 21427.1-75
3421;ГОСТ 21427.4 - 78
3422;ГОСТ 21427.4 - 78
3423;ГОСТ 21427.4 - 78
3424;ГОСТ 21427.4 - 78
3425;ГОСТ 21427.4 - 78
34НК;ГОСТ 10994-74
34НКМ;ГОСТ 10994 - 74
34НКМП;ГОСТ 10994 - 74
34ХМ;ОСТ 108.958.04-85
34ХМА;ОСТ 108.958.04-85
34ХН1М;ТУ 24-1-12-179-75
34ХН1МА;ТУ 108-102811- 81
34ХН2М;ГОСТ 4543 - 71
34ХН3М;ТУ 24-1-12-179-75
34ХН3МА;ТУ 108-1028-81
34ХН3МФА;Not found
35;ГОСТ 1050 - 88
35БТ;ГОСТ 10994 - 74
35г;ГОСТ 1050 - 88
35Г;ГОСТ 4543 - 71
35Г2;ГОСТ 4543 - 71
35Г2Ф;ДСТУ 3-009-2000
35Г2ФА;ДСТУ 3-009-2000
35ГЛ;ГОСТ 977 - 88
35ГС;ГОСТ 5781 - 82
35ГСЛ;ГОСТ 977 - 88
35КФ10Н;ГОСТ 10994-74
35КХ4Ф;ГОСТ 10994 - 74
35КХ6Ф;ГОСТ 10994 - 74
35КХ8Ф;ГОСТ 10994 - 74
35Л;ГОСТ 977 - 88
35Н32КХМ;ГОСТ Р 51396 - 99
35НГМЛ;ГОСТ 977 - 88
35НКТ;ГОСТ 10994 - 74
35НКХСП;ГОСТ 10994 - 74
35Х;ГОСТ 4543 - 71
35Х18Н24С2Л;ГОСТ 977 - 88
35Х23Н7СЛ;ГОСТ 977 - 88
35Х2АФ;ГОСТ 14959 - 79
35ХГ2;ГОСТ 4543-71
35ХГЛ;ГОСТ 977 - 88
35ХГН2;Not found
35ХГНМ;ТУ 24-1-12-179-75
35ХГСА;ГОСТ 4543 - 71
35ХГСЛ;ГОСТ 977 - 88
35ХГТ;ГОСТ 4543 - 71
35ХГФ;ГОСТ 4543-71
35ХГФЛ;ГОСТ 977 - 88
35ХМ;ГОСТ 4543 - 71
35ХМЛ;ГОСТ 977-88
35ХМФА;ТУ 14-1-950-74
35ХМФЛ;ГОСТ 21357 - 87
35ХН1М2ФА;ТУ 108.1028-81
35ХН2МЛ;ГОСТ 21357 - 87
35ХНВ;ТУ 24-1-12-179-75
35ХНЛ;ГОСТ 977 - 88
35ХНМЛ;ГОСТ 21357 - 87
35ХР;ГОСТ 4543 - 71
35ХРА;ГОСТ 4543 - 71
36Г2С;ГОСТ Р 51245 - 99
36Г2СР;ТУ 14-136-348-2002
36КНМ;ГОСТ 10994 - 74
36Н;ГОСТ 10994 - 74
36Н-ВИ;ГОСТ 10994 - 74
36НХ;ГОСТ 10994 - 74
36НХТЮ;ГОСТ 10994 - 74
36НХТЮ5М;ГОСТ 10994 - 74
36НХТЮ8М;ГОСТ 10994 - 74
36Х18Н25С2;ГОСТ 5632 - 72
4Х18Н25С2;ГОСТ 5632 - 72
36Х2Н2МФА;ГОСТ 4543 - 71
36ХН1МФА;ГОСТ 4543 - 71
37;ОСТ 1-92077-91
37Г2С;ДСТУ 3-009-2000
37Х12Н8Г8МФБ;ГОСТ 5632 - 72
4Х12Н8Г8МФБ;ГОСТ 5632 - 72
ЭИ481;ГОСТ 5632 - 72
37ХН3А;ТУ 14-1-950-74
37ХН3МФА;ГОСТ 4543 - 71
38Г2МФ;ДСТУ 3-009-2000
38ГСТ;ДСТУ 3-009-2000
38НКД;ГОСТ 10994 - 74
38НКД-ВИ;ГОСТ 10994 - 74
38Х2МЮА;ГОСТ 4543 - 71
38ХМЮА;ГОСТ 4543 - 71
38Х2Н2ВА;ГОСТ 4543 - 71
38Х2Н2МА;ГОСТ 4543 - 71
38ХНМА;ГОСТ 4543 - 71
38Х2Н3М;ОСТ 24.959.11
38Х2НМ;ТУ 24.11.01.073-86
38Х2НМФ;ТУ 24-1-12-180-0
38ХЮ;ГОСТ 4543-71
38Х2ЮА;ГОСТ 4543 - 71
38ХА;ГОСТ 4543 - 71
38ХВ;ГОСТ 4543 - 71
38ХВФЮ;ГОСТ 4543 - 71
38ХГМ;ГОСТ 4543 - 71
38ХГН;ГОСТ 4543 - 71
38ХГНМ;ГОСТ 4543 - 71
38ХМ;ГОСТ 4543 - 71
38ХМА;ГОСТ 4543 - 71
38ХН3ВА;ГОСТ 4543 - 71
38ХН3МА;ГОСТ 4543 - 71
38ХН3МФА;ГОСТ 4543 - 71
38ХНМ;ОСТ 14-21-77
38ХС;ГОСТ 4543 - 71
39Н;ГОСТ 10994 - 74
3К-7;ГОСТ 9389 - 75
3М;ОСТ 1-92077-91
3Х2В8Ф;ГОСТ 5950-73
3Х2МНФ;ГОСТ 5950 - 2000
3Х2Н2МВФ;ОСТ 24.959.01-0
3Х3М3Ф;ГОСТ 5950 - 2000
40;ГОСТ 1050 - 88
40(dubl);ОСТ 1-92077-91
40г;ГОСТ 1050 - 88
40Г;ГОСТ 977 - 88
40Г1;ГОСТ 977 - 88
5ФЛ;ГОСТ 977 - 88
40Г2;ГОСТ 977 - 88
40ГР;ГОСТ 4543 - 71
40ГТЛ;ГОСТ 977 - 88
40КНХМВТЮ;ГОСТ 10994 - 74
40КХНМ;ГОСТ 10994 - 74
40Л;ГОСТ 977 - 88
40Н;ГОСТ 10994 - 74
40НКМ;ГОСТ 10994 - 74
40НКМП;ГОСТ 10994 - 74
40Х;ГОСТ 1050 - 88
40Х10С2М;ГОСТ 5632 - 72
4Х10С2М;ГОСТ 5632 - 72
ЭИ107;ГОСТ 5632 - 72
40Х13;ГОСТ 5632 - 72
4Х13;ГОСТ 5632 - 72
40Х15Н7Г7Ф2МС;ГОСТ 5632 - 72
ЭИ388;ГОСТ 5632 - 72
4Х15Н7Г7Ф2МС;ГОСТ 5632 - 72
40Х24Н12СЛ;ГОСТ 977 - 88
40Х2АФЕ;ГОСТ 4543 - 71
40Х2Г2М;ГОСТ 10543 - 98
40Х2Н2ВА;ГОСТ 4543 - 71
40Х2Н2МА;ГОСТ 4543-71
40Х1НВА;ГОСТ 4543 - 71
40Х3Г2МФ;ГОСТ 10543 - 98
40Х5МФ;ТУ 24-1-12-180-0
40Х9С2;ГОСТ 5632 - 72
4Х9С2;ГОСТ 5632 - 72
40Х9С2Л;ГОСТ 977 - 88
40ХГНМ;ГОСТ 4543 - 71
40ХГР;ГОСТ 4543 - 71
40ХГРЛ;ГОСТ 977 - 88
40ХГРТ;ГОСТ 4543 - 71
40ХГТ;ГОСТ 4543 - 71
40ХГТР;ГОСТ 4543 - 71
40ХЛ;ГОСТ 977 - 88
40ХМЛ;ГОСТ 977 - 88
40ХМФА;ГОСТ 4543 - 71
40ХН;ГОСТ 4543 - 71
40ХН2ВА;ТУ 14-1-950-74
40ХНВА;ТУ 14-1-950-74
40ХН2Л;ГОСТ 977 - 88
40ХН2МА;ГОСТ 4543-71
40ХНМА;ГОСТ 4543 - 71
40ХН2МА-Ш;ГОСТ 4543 - 71
40ХН2СМА-ВД;ТУ 14-3-674-78
ЭИ643-ВД;ТУ 14-3-674-78
EI-643-VD;ТУ 14-3-674-78
40ХНЛ;ГОСТ 977 - 88
40ХНМ;ГОСТ 4543 - 71
40ХНР;ГОСТ 4543 - 71
40ХР;ГОСТ 4543 - 71
40ХС;ГОСТ 4543 - 71
40ХСН2МА;Not found
40ХФ;ГОСТ 4543 - 71
40ХФА;ГОСТ 4543 - 71
40ХФЛ;ГОСТ 977 - 88
42Н;ГОСТ 10994 - 74
42Н-ВИ;ГОСТ 10994 - 74
42НА-ВИ;ГОСТ 10994 - 74
42НХТЮ;ГОСТ 10994 - 74
42НХТЮА;ГОСТ 10994 - 74
43НКТЮ;ГОСТ 10994-74
44НХТЮ;ГОСТ 10994 - 74
45;ГОСТ 1050 - 88
45Г;ГОСТ 4543 - 71
45Г2;ГОСТ 4543 - 71
45ГЛ;ГОСТ 977 - 88
45КХНМВТ;ГОСТ Р 51396 - 99
45Л;ГОСТ 977 - 88
45Н;ГОСТ 10994 - 74
45НХ;ГОСТ 10994 - 74
45Т;ДСТУ 3-009-2000
45ФЛ;ГОСТ 977 - 88
45Х;ГОСТ 4543 - 71
45Х14Н14В2М;ГОСТ 5632 - 72
45Х14НМВ2М;ГОСТ 5632 - 72
4Х14Н14В2М;ГОСТ 5632 - 72
ЭИ69;ГОСТ 5632 - 72
45Х17Г13Н3ЮЛ;ГОСТ 977 - 88
45Х22Н4М3;ГОСТ 5632 - 72
4Х22Н4М3;ГОСТ 5632 - 72
ЭП48;ГОСТ 5632 - 72
45Х4В3ГФ;ГОСТ 10543 - 98
45ХН;ГОСТ 4543 - 71
45ХН2МФА;ГОСТ 4543 - 71
45ХНМФА;ГОСТ 4543 - 71
45ХНМ;ОСТ 24.013.04-0
45ХЦ;ГОСТ 4543 - 71
46Н;ГОСТ 10994-74
46НХ;ГОСТ 10994 - 74
47ГТ;ГОСТ 4543 - 71
47Н3Х;ГОСТ 10994 - 74
47НД;ГОСТ 10994 - 74
47НД-ВИ;ГОСТ 10994 - 74
47НК;ГОСТ 10994 - 74
47НКХ;ГОСТ 10994-74
47НХ;ГОСТ 10994 - 74
47НХР;ГОСТ 10994 - 74
48КХВН;ГОСТ Р 51397 - 99
48НХ;ГОСТ 10994 - 74
49К2Ф;ГОСТ 10994 - 74
49К2ФА;ГОСТ 10994 - 74
49КФ;ГОСТ 10994 - 74
4Х2В2МФС;ГОСТ 5950-73
4Х2В5МФ;ГОСТ 5950 - 2000
ЭИ959;ГОСТ 5950 - 2000
4Х2НМФ;ТУ 24-1-12-180-0
4Х3В2М2;Not found
4Х3В8М;Not found
4Х3ВМФ;ГОСТ 5950 - 2000
3И2;ГОСТ 5950 - 2000
4Х4ВМФС;ГОСТ 5950 - 2000
ДИ22;ГОСТ 5950 - 2000
4Х5В2ФС;ГОСТ 5950-2000
ЭИ958;ГОСТ 5950 - 2000
4Х5МФ1С;ГОСТ 5950 - 2000
ЭП572;ГОСТ 5950 - 2000
4Х5МФС;ГОСТ 5950 - 2000
4Х8В2;Not found
4ХВ2С;ГОСТ 5950-73
4ХМНФС;ГОСТ 5950 - 2000
4ХМФС;ГОСТ 5950 - 2000
40ХСМФ;ГОСТ 5950 - 2000
4ХС;ГОСТ 5950 - 2000
50;ГОСТ 1050 - 88
50А;ГОСТ 1050 - 88
50Г;ГОСТ 1050 - 88
50Г2;ГОСТ 1050 - 88
50Л;ГОСТ 977 - 88
50Н;ГОСТ 10994 - 74
50НП;ГОСТ 10994 - 74
50НХС;ГОСТ 10994 - 74
50С2;ГОСТ 14959 - 79
50Х;ГОСТ 4543 - 71
50Х3В10Ф;ГОСТ 10543 - 98
50Х6ФМС;ГОСТ 10543 - 98
50ХГ;ГОСТ 14959 - 79
50ХГА;ГОСТ 14959 - 79
50ХГЛ;ГОСТ 977 - 88
50ХГФА;ГОСТ 14959 - 79
50ХН;ГОСТ 4543 - 71
50ХНМ;ГОСТ 10543 - 98
50ХНС;ГОСТ 10994-74
50ХСА;Not found
50ХФА;ГОСТ 14959 - 79
51ХФА;ГОСТ 14959 - 79
52К10Ф;ГОСТ 10994 - 74
52К11Ф;ГОСТ 10994 - 74
52К12Ф;ГОСТ 10994 - 74
52К13Ф;ГОСТ 10994 - 74
52Н;ГОСТ 10994 - 74
52Н-ВИ;ГОСТ 10994 - 74
55;ГОСТ 1050 - 88
55Л;ГОСТ 977 - 88
55С2;ГОСТ 14959 - 79
55С2А;ГОСТ 14959 - 79
55С2ГФ;ГОСТ 14959 - 79
55СЛ;ГОСТ 977 - 88
55Х;ОСТ 24.013.20-0
55Х18Г14С2ТЛ;ГОСТ 977 - 88
55Х20Г9АН4;ГОСТ 5632 - 72
5Х20Н4АГ9;ГОСТ 5632 - 72
ЭП303;ГОСТ 5632 - 72
55Х20Г9АН4Б;ГОСТ 5632 - 72
ЭП303Б;ГОСТ 5632 - 72
55Х7ВСМФ;ТУ 14-133-185-95
55ХГР;ГОСТ 14959 - 79
58;ГОСТ 1050 - 88
55пп;ГОСТ 1050 - 88
58Н-ВИ;ГОСТ 10994 - 74
5В;ОСТ 1-92077-91
5Х2МНФ;ГОСТ 5950 - 2000
ДИ32;ГОСТ 5950 - 2000
5Х3В3МФС;ГОСТ 5950-2000
ДИ23;ГОСТ 5950 - 2000
5ХВ2С;ГОСТ 5950-73
5ХВ2СФ;ГОСТ 5950 - 2000
5ХГМ;ГОСТ 5950 - 2000
5ХГСВФЮ;ГОСТ 5950-73
5ХНВ;ГОСТ 5950 - 2000
5ХНВС;ГОСТ 5950 - 2000
5ХНМ;ГОСТ 5950 - 2000
5ХНС;ГОСТ 5950-73
5ХНСВ;ГОСТ 5950-2000
60;ГОСТ 1050 - 88
60Г;ГОСТ 14959 - 79
60С2;ГОСТ 14959 - 79
60С2А;ГОСТ 14959 - 79
60С2ВА;ГОСТ 14959 - 79
60С2Г;ГОСТ 14959 - 79
60С2Н2А;ГОСТ 14959 - 79
60С2ХА;ГОСТ 14959 - 79
60С2ХФА;ГОСТ 14959 - 79
60Х2СМФ;ОСТ 24.013.20-0
60ХГ;ОСТ 24.013.21-0
60ХГЛ;ГОСТ 977 - 88
60ХН;ОСТ 24.013.04-0
60ХСМФ;ОСТ 24.013.20-0
60ХФА;ДСТУ 3-009-2000
63;ГОСТ 4121 - 96
64Н;ГОСТ 10994 - 74
65Н;ГОСТ 10994 - 74
65;ГОСТ 14959 - 79
65Г;ГОСТ 1050 - 88
65ГА;ГОСТ 1071 - 81
65С2ВА;ГОСТ 14959 - 79
65С2ГВА;ГОСТ 14959 - 79
65Х13;ГОСТ 5632 - 72
68А;ГОСТ 1071 - 81
68ГА;ГОСТ 1071 - 81
68НМ;ГОСТ 10994 - 74
68НМП;ГОСТ 10994 - 74
68НХВКТЮ;ГОСТ 10994 - 74
68НХВКТЮ-ВИ;ГОСТ 10994 - 74
6Г2АФ;Not found
6Х3МФС;ГОСТ 5950 - 2000
ЭП788;ГОСТ 5950 - 2000
6Х3ФС;ГОСТ 5950 - 2000
6Х4М2ФС;ГОСТ 5950 - 2000
ДИ55;ГОСТ 5950 - 2000
6Х6В3МФС;ГОСТ 5950 - 2000
55Х6В3СМФ;ГОСТ 5950 - 2000
ЭП569;ГОСТ 5950 - 2000
6ХВ2С;ГОСТ 5950 - 2000
6ХВГ;ГОСТ 5950 - 2000
6ХВС;ГОСТ 5950-2000
6ХС;ГОСТ 5950 - 2000
70;ГОСТ 14959 - 79
70Г;ГОСТ 14959 - 79
70Г2;ГОСТ 17152 - 89
70ГЛ;ГОСТ 977 - 88
70С2ХА;ГОСТ 14959 - 79
70С3А;ГОСТ 14959 - 79
70ТМ-ВД;ГОСТ 10994 - 74
70Х2ГЛ;ГОСТ 977 - 88
70ХГФА;ГОСТ 1071 - 81
75;ГОСТ 14959 - 79
75ГНД;ГОСТ 10994 - 74
75ХМ;ОСТ 24.013.20-0
75ХМФ;ОСТ 24.013.20-0
75ХНМФЛ;ГОСТ 977 - 88
75ХСМФ;ОСТ 24.013.20-0
76;ГОСТ Р 51045 - 97
76НХД;ГОСТ 10994 - 74
76Т;ГОСТ Р 51045 - 97
76Ф;ГОСТ Р 51045 - 97
76Ц;ГОСТ Р 51045 - 97
77НМД;ГОСТ 10994 - 74
77НМДП;ГОСТ 10994 - 74
79Н3М;ГОСТ 10994 - 74
79НМ;ГОСТ 10994 - 74
79НМП;ГОСТ 10994 - 74
7Х2СМФ;ОСТ 24.013.20-0
7Х3;ГОСТ 5950 - 2000
7ХГ2ВМ;ГОСТ 5950-73
7ХГ2ВМФ;ГОСТ 5950 - 2000
7ХФ;ГОСТ 5950-73
80;ГОСТ 14959 - 79
8011;ГОСТ 618 - 73
8011А;ГОСТ 745 - 2003
80ГСЛ;ТУ 24-1-12-182-0
80Н2М;ГОСТ 10994-74
80НХС;ГОСТ 10994 - 74
80С;ГОСТ 5781 - 82
8111;ГОСТ 618 - 73
81НМА;ГОСТ 10994 - 74
83НФ;ГОСТ 10994 - 74
83НФ-Ш;ГОСТ 10994 - 74
85;ГОСТ 14959 - 79
85Х4М5Ф2В6Л;ГОСТ 977 - 88
Р6М5Л;ГОСТ 977 - 88
8Х3;ГОСТ 5950 - 2000
8Х4В2МФС2;ГОСТ 5950 - 2000
ЭП761;ГОСТ 5950 - 2000
8Х4В3М3Ф2;ГОСТ 5950-73
8Х4В9Ф2-Ш;Not found
8Х6НФТ;ГОСТ 5950 - 2000
85Х6НФТ;ГОСТ 5950 - 2000
8ХФ;ГОСТ 5950 - 2000
90Х4М4Ф2В6Л;ГОСТ 977 - 88
Р6М4Ф2Л;ГОСТ 977 - 88
90ХМФ;ОСТ 24.013.04-0
90ХФ;ГОСТ 5950-73
95Х18;ГОСТ 5632 - 72
9Х18;ГОСТ 5632 - 72
ЭИ229;ГОСТ 5632 - 72
97НЛ;ГОСТ 10994 - 74
9Г2Ф;ГОСТ 5950 - 2000
9Х1;ГОСТ 5950 - 2000
9Х2;ГОСТ 5950 - 2000
9Х2МФ;ОСТ 24.013.20-0
9Х4М3Ф2АГСТ;ТУ 14-19-95-0
9Х5ВФ;ГОСТ 5950 - 2000
9Х5Ф;ГОСТ 5950 - 2000
9ХВГ;ГОСТ 5950 - 2000
9ХС;ГОСТ 5950 - 2000
9ХФ;ГОСТ 5950 - 2000
9ХФМ;ГОСТ 5950 - 2000
A27S;ГОСТ 5521 - 93
A27SW;ГОСТ Р 52927 - 2008
A27SZ25;ГОСТ Р 52927 - 2008
A27SZ35;ГОСТ Р 52927 - 2008
A32;ГОСТ 5521 - 93
A32W;ГОСТ Р 52927 - 2008
A32Z25;ГОСТ Р 52927 - 2008
A32Z35;ГОСТ Р 52927 - 2008
A36;ГОСТ 5521 - 93
A36W;ГОСТ Р 52927 - 2008
A36Z25;ГОСТ Р 52927 - 2008
A36Z35;ГОСТ Р 52927 - 2008
A40;ГОСТ 5521 - 93
A40S;ГОСТ 5521 - 93
A40SW;ГОСТ Р 52927 - 2008
A40W;ГОСТ Р 52927 - 2008
A40Z25;ГОСТ Р 52927 - 2008
A40Z35;ГОСТ Р 52927 - 2008
ACr98;ГОСТ 5905 - 2004
ACr98.5;ГОСТ 5905 - 2004
AlB3;ГОСТ Р 53777 - 2010
AlB4;ГОСТ Р 53777 - 2010
AlB5;ГОСТ Р 53777 - 2010
AlBe5;ГОСТ Р 53777 - 2010
AlBi3;ГОСТ Р 53777 - 2010
AlCa10;ГОСТ Р 53777 - 2010
AlCa6;ГОСТ Р 53777 - 2010
AlCo10;ГОСТ Р 53777 - 2010
AlCr10;ГОСТ Р 53777 - 2010
AlCr20(A);ГОСТ Р 53777 - 2010
AlCr20(B);ГОСТ Р 53777 - 2010
AlCr5(A);ГОСТ Р 53777 - 2010
AlCr5(B);ГОСТ Р 53777 - 2010
AlCu33(A);ГОСТ Р 53777 - 2010
AlCu33(B);ГОСТ Р 53777 - 2010
AlCu50(A);ГОСТ Р 53777 - 2010
AlCu50(B);ГОСТ Р 53777 - 2010
AlFe10(A);ГОСТ Р 53777 - 2010
AlFe10(B);ГОСТ Р 53777 - 2010
AlFe20;ГОСТ Р 53777 - 2010
AlMg0.7Si;ГОСТ 22233 - 2001
6063;ГОСТ 22233 - 2001
AlMg10;ГОСТ Р 53777 - 2010
AlMg20;ГОСТ Р 53777 - 2010
AlMg50;ГОСТ Р 53777 - 2010
AlMgSi;ГОСТ 22233 - 2001
AlMgSi0.5;ГОСТ 22233 - 2001
6060;ГОСТ 22233 - 2001
AlMn10(A);ГОСТ Р 53777 - 2010
AlMn10(B);ГОСТ Р 53777 - 2010
AlMn20(A);ГОСТ Р 53777 - 2010
AlMn20(B);ГОСТ Р 53777 - 2010
AlMn60(A);ГОСТ Р 53777 - 2010
AlMn60(B);ГОСТ Р 53777 - 2010
AlNi10;ГОСТ Р 53777 - 2010
AlNi20;ГОСТ Р 53777 - 2010
AlSb10;ГОСТ Р 53777 - 2010
AlSc2(A);ГОСТ Р 53777 - 2010
AlSc2(B);ГОСТ Р 53777 - 2010
AlSc5(A);ГОСТ Р 53777 - 2010
AlSc5(B);ГОСТ Р 53777 - 2010
AlSi20(A);ГОСТ Р 53777 - 2010
AlSi20(B);ГОСТ Р 53777 - 2010
AlSi50(A);ГОСТ Р 53777 - 2010
AlSi50(B);ГОСТ Р 53777 - 2010
AlSr10;ГОСТ Р 53777 - 2010
AlSr10Ti1B0.2;ГОСТ Р 53777 - 2010
AlSr3.5;ГОСТ Р 53777 - 2010
AlSr5;ГОСТ Р 53777 - 2010
AlTi10(A);ГОСТ Р 53777 - 2010
AlTi10(B);ГОСТ Р 53777 - 2010
AlTi2.5;ГОСТ Р 53777 - 2010
AlTi3B1;ГОСТ Р 53777 - 2010
AlTi5;ГОСТ Р 53777 - 2010
AlTi5B0.2;ГОСТ Р 53777 - 2010
AlTi5B0.6;ГОСТ Р 53777 - 2010
AlTi5B1;ГОСТ Р 53777 - 2010
AlV10;ГОСТ Р 53777 - 2010
AlV5;ГОСТ Р 53777 - 2010
AlZr10(A);ГОСТ Р 53777 - 2010
AlZr10(B);ГОСТ Р 53777 - 2010
AlZr15;ГОСТ Р 53777 - 2010
AlZr2.5;ГОСТ Р 53777 - 2010
AlZr5(A);ГОСТ Р 53777 - 2010
AlZr5(B);ГОСТ Р 53777 - 2010
BB751П;ГОСТ Р 52802 - 2007
XH56KBMTЮБ;ГОСТ Р 52802 - 2007
BW;ГОСТ Р 52927 - 2008
BZ25;ГОСТ Р 52927 - 2008
BZ35;ГОСТ Р 52927 - 2008
Cu;Not found
Cu-DHP;ГОСТ Р 52922 - 2008
CuFeP;ГОСТ 18175 - 78
CuSn5Zn5Pb5-C;ГОСТ Р 52922 - 2008
CuZn36Pb2As;ГОСТ Р 52922 - 2008
CuZn39Pb3;ГОСТ Р 52922 - 2008
D;ГОСТ 5521 - 93
D27S;ГОСТ 5521 - 93
D27SW;ГОСТ Р 52927 - 2008
D27SZ25;ГОСТ Р 52927 - 2008
D27SZ35;ГОСТ Р 52927 - 2008
D32;ГОСТ 5521 - 93
D32W;ГОСТ Р 52927 - 2008
D32Z25;ГОСТ Р 52927 - 2008
D32Z35;ГОСТ Р 52927 - 2008
D36;ГОСТ 5521 - 93
D36W;ГОСТ Р 52927 - 2008
D36Z25;ГОСТ Р 52927 - 2008
D36Z35;ГОСТ Р 52927 - 2008
D40;ГОСТ 5521 - 93
D40S;ГОСТ 5521 - 93
D40SW;ГОСТ Р 52927 - 2008
D40W;ГОСТ Р 52927 - 2008
D40Z25;ГОСТ Р 52927 - 2008
D40Z35;ГОСТ Р 52927 - 2008
D460W;ГОСТ Р 52927 - 2008
D500W;ГОСТ Р 52927 - 2008
DW;ГОСТ Р 52927 - 2008
DZ25;ГОСТ Р 52927 - 2008
DZ35;ГОСТ Р 52927 - 2008
E27S;ГОСТ 5521 - 93
E27SW;ГОСТ Р 52927 - 2008
E27SZ25;ГОСТ Р 52927 - 2008
E27SZ35;ГОСТ Р 52927 - 2008
E32;ГОСТ 5521 - 93
E32W;ГОСТ Р 52927 - 2008
E32Z25;ГОСТ Р 52927 - 2008
E32Z35;ГОСТ Р 52927 - 2008
E36;ГОСТ 5521 - 93
E36W;ГОСТ Р 52927 - 2008
E36Z25;ГОСТ Р 52927 - 2008
E36Z35;ГОСТ Р 52927 - 2008
E40;ГОСТ 5521 - 93
E40S;ГОСТ 5521 - 93
E40SW;ГОСТ Р 52927 - 2008
E40W;ГОСТ Р 52927 - 2008
E40Z25;ГОСТ Р 52927 - 2008
E40Z35;ГОСТ Р 52927 - 2008
E460W;ГОСТ Р 52927 - 2008
E500W;ГОСТ Р 52927 - 2008
ECr99.2;ГОСТ 5905 - 2004
EW;ГОСТ Р 52927 - 2008
EZ25;ГОСТ Р 52927 - 2008
EZ35;ГОСТ Р 52927 - 2008
F32W;ГОСТ Р 52927 - 2008
F36SW;ГОСТ Р 52927 - 2008
F36W;ГОСТ Р 52927 - 2008
F40SW;ГОСТ Р 52927 - 2008
F40W;ГОСТ Р 52927 - 2008
F460W;ГОСТ Р 52927 - 2008
F500W;ГОСТ Р 52927 - 2008
FeCr50C01;ГОСТ 4757 - 91
FeCr50C01LP;ГОСТ 4757 - 91
FeCr50C03;ГОСТ 4757 - 91
FeCr50C03LP;ГОСТ 4757 - 91
FeCr50C05;ГОСТ 4757 - 91
FeCr50C05LP;ГОСТ 4757 - 91
FeCr50C1;ГОСТ 4757 - 91
FeCr50C10;ГОСТ 4757 - 91
FeCr50C10LP;ГОСТ 4757 - 91
FeCr50C1LP;ГОСТ 4757 - 91
FeCr50C1N3;ГОСТ 4757 - 91
FeCr50C1N7;ГОСТ 4757 - 91
FeCr50C1N7Si;ГОСТ 4757 - 91
FeCr50C2;ГОСТ 4757 - 91
FeCr50C20;ГОСТ 4757 - 91
FeCr50C20LP;ГОСТ 4757 - 91
FeCr50C2LP;ГОСТ 4757 - 91
FeCr50C40;ГОСТ 4757 - 91
FeCr50C40LP;ГОСТ 4757 - 91
FeCr50C5;ГОСТ 4757 - 91
FeCr50C50;ГОСТ 4757 - 91
FeCr50C50LP;ГОСТ 4757 - 91
FeCr50C50LS;ГОСТ 4757 - 91
FeCr50C50LSLP;ГОСТ 4757 - 91
FeCr50C50Si2;ГОСТ 4757 - 91
FeCr50C50Si2LP;ГОСТ 4757 - 91
FeCr50C50Si2LS;ГОСТ 4757 - 91
FeCr50C50Si2LSLP;ГОСТ 4757 - 91
FeCr50C50Si4;ГОСТ 4757 - 91
FeCr50C50Si4LP;ГОСТ 4757 - 91
FeCr50C50Si4LS;ГОСТ 4757 - 91
FeCr50C50Si4LSLP;ГОСТ 4757 - 91
FeCr50C50Si7;ГОСТ 4757 - 91
FeCr50C50Si7LP;ГОСТ 4757 - 91
FeCr50C5LP;ГОСТ 4757 - 91
FeCr50C70;ГОСТ 4757 - 91
FeCr50C70LP;ГОСТ 4757 - 91
FeCr50C70LS;ГОСТ 4757 - 91
FeCr50C70LSLP;ГОСТ 4757 - 91
FeCr50C70Si2;ГОСТ 4757 - 91
FeCr50C70Si2LP;ГОСТ 4757 - 91
FeCr50C70Si2LS;ГОСТ 4757 - 91
FeCr50C70Si2LSLP;ГОСТ 4757 - 91
FeCr50C70Si4;ГОСТ 4757 - 91
FeCr50C70Si4LP;ГОСТ 4757 - 91
FeCr50C70Si4LS;ГОСТ 4757 - 91
FeCr50C70Si4LSLP;ГОСТ 4757 - 91
FeCr50C70Si6;ГОСТ 4757 - 91
FeCr50C70Si6LP;ГОСТ 4757 - 91
FeCr50C90;ГОСТ 4757 - 91
FeCr50C90LP;ГОСТ 4757 - 91
FeCr50C90LS;ГОСТ 4757 - 91
FeCr50C90LSLP;ГОСТ 4757 - 91
FeCr50C90Si2;ГОСТ 4757 - 91
FeCr50C90Si2LP;ГОСТ 4757 - 91
FeCr50C90Si2LS;ГОСТ 4757 - 91
FeCr50C90Si2LSLP;ГОСТ 4757 - 91
FeCr50C90Si4;ГОСТ 4757 - 91
FeCr50C90Si4LP;ГОСТ 4757 - 91
FeCr50C90Si4LS;ГОСТ 4757 - 91
FeCr50C90Si4LSLP;ГОСТ 4757 - 91
FeCr60C01;ГОСТ 4757 - 91
FeCr60C01LP;ГОСТ 4757 - 91
FeCr60C03;ГОСТ 4757 - 91
FeCr60C03LP;ГОСТ 4757 - 91
FeCr60C05;ГОСТ 4757 - 91
FeCr60C05LP;ГОСТ 4757 - 91
FeCr60C1;ГОСТ 4757 - 91
FeCr60C10;ГОСТ 4757 - 91
FeCr60C10LP;ГОСТ 4757 - 91
FeCr60C1LP;ГОСТ 4757 - 91
FeCr60C1N3;ГОСТ 4757 - 91
FeCr60C1N7;ГОСТ 4757 - 91
FeCr60C1N7Si;ГОСТ 4757 - 91
FeCr60C2;ГОСТ 4757 - 91
FeCr60C20;ГОСТ 4757 - 91
FeCr60C20LP;ГОСТ 4757 - 91
FeCr60C2LP;ГОСТ 4757 - 91
FeCr60C40;ГОСТ 4757 - 91
FeCr60C40LP;ГОСТ 4757 - 91
FeCr60C5;ГОСТ 4757 - 91
FeCr60C50;ГОСТ 4757 - 91
FeCr60C50LP;ГОСТ 4757 - 91
FeCr60C50LS;ГОСТ 4757 - 91
FeCr60C50LSLP;ГОСТ 4757 - 91
FeCr60C50Si2;ГОСТ 4757 - 91
FeCr60C50Si2LP;ГОСТ 4757 - 91
FeCr60C50Si2LS;ГОСТ 4757 - 91
FeCr60C50Si2LSLP;ГОСТ 4757 - 91
FeCr60C50Si4;ГОСТ 4757 - 91
FeCr60C50Si4LP;ГОСТ 4757 - 91
FeCr60C50Si4LS;ГОСТ 4757 - 91
FeCr60C50Si4LSLP;ГОСТ 4757 - 91
FeCr60C50Si7;ГОСТ 4757 - 91
FeCr60C50Si7LP;ГОСТ 4757 - 91
FeCr60C5LP;ГОСТ 4757 - 91
FeCr60C70;ГОСТ 4757 - 91
FeCr60C70LP;ГОСТ 4757 - 91
FeCr60C70LS;ГОСТ 4757 - 91
FeCr60C70LSLP;ГОСТ 4757 - 91
FeCr60C70Si2;ГОСТ 4757 - 91
FeCr60C70Si2LP;ГОСТ 4757 - 91
FeCr60C70Si2LS;ГОСТ 4757 - 91
FeCr60C70Si2LSLP;ГОСТ 4757 - 91
FeCr60C70Si4;ГОСТ 4757 - 91
FeCr60C70Si4LP;ГОСТ 4757 - 91
FeCr60C70Si4LS;ГОСТ 4757 - 91
FeCr60C70Si4LSLP;ГОСТ 4757 - 91
FeCr60C70Si6;ГОСТ 4757 - 91
FeCr60C70Si6LP;ГОСТ 4757 - 91
FeCr60C90;ГОСТ 4757 - 91
FeCr60C90LP;ГОСТ 4757 - 91
FeCr60C90LS;ГОСТ 4757 - 91
FeCr60C90LSLP;ГОСТ 4757 - 91
FeCr60C90Si2;ГОСТ 4757 - 91
FeCr60C90Si2LP;ГОСТ 4757 - 91
FeCr60C90Si2LS;ГОСТ 4757 - 91
FeCr60C90Si2LSLP;ГОСТ 4757 - 91
FeCr60C90Si4;ГОСТ 4757 - 91
FeCr60C90Si4LP;ГОСТ 4757 - 91
FeCr60C90Si4LS;ГОСТ 4757 - 91
FeCr60C90Si4LSLP;ГОСТ 4757 - 91
FeCr70C01;ГОСТ 4757 - 91
FeCr70C01LP;ГОСТ 4757 - 91
FeCr70C03;ГОСТ 4757 - 91
FeCr70C03LP;ГОСТ 4757 - 91
FeCr70C05;ГОСТ 4757 - 91
FeCr70C05LP;ГОСТ 4757 - 91
FeCr70C1;ГОСТ 4757 - 91
FeCr70C10;ГОСТ 4757 - 91
FeCr70C10LP;ГОСТ 4757 - 91
FeCr70C1LP;ГОСТ 4757 - 91
FeCr70C1N3;ГОСТ 4757 - 91
FeCr70C1N7;ГОСТ 4757 - 91
FeCr70C1N7Si;ГОСТ 4757 - 91
FeCr70C2;ГОСТ 4757 - 91
FeCr70C20;ГОСТ 4757 - 91
FeCr70C20LP;ГОСТ 4757 - 91
FeCr70C2LP;ГОСТ 4757 - 91
FeCr70C40;ГОСТ 4757 - 91
FeCr70C40LP;ГОСТ 4757 - 91
FeCr70C5;ГОСТ 4757 - 91
FeCr70C50;ГОСТ 4757 - 91
FeCr70C50LP;ГОСТ 4757 - 91
FeCr70C50LS;ГОСТ 4757 - 91
FeCr70C50LSLP;ГОСТ 4757 - 91
FeCr70C50Si2;ГОСТ 4757 - 91
FeCr70C50Si2LP;ГОСТ 4757 - 91
FeCr70C50Si2LS;ГОСТ 4757 - 91
FeCr70C50Si2LSLP;ГОСТ 4757 - 91
FeCr70C50Si4;ГОСТ 4757 - 91
FeCr70C50Si4LP;ГОСТ 4757 - 91
FeCr70C50Si4LS;ГОСТ 4757 - 91
FeCr70C50Si4LSLP;ГОСТ 4757 - 91
FeCr70C50Si7;ГОСТ 4757 - 91
FeCr70C50Si7LP;ГОСТ 4757 - 91
FeCr70C5LP;ГОСТ 4757 - 91
FeCr70C70;ГОСТ 4757 - 91
FeCr70C70LP;ГОСТ 4757 - 91
FeCr70C70LS;ГОСТ 4757 - 91
FeCr70C70LSLP;ГОСТ 4757 - 91
FeCr70C70Si2;ГОСТ 4757 - 91
FeCr70C70Si2LP;ГОСТ 4757 - 91
FeCr70C70Si2LS;ГОСТ 4757 - 91
FeCr70C70Si2LSLP;ГОСТ 4757 - 91
FeCr70C70Si4;ГОСТ 4757 - 91
FeCr70C70Si4LP;ГОСТ 4757 - 91
FeCr70C70Si4LS;ГОСТ 4757 - 91
FeCr70C70Si4LSLP;ГОСТ 4757 - 91
FeCr70C70Si6;ГОСТ 4757 - 91
FeCr70C70Si6LP;ГОСТ 4757 - 91
FeCr70C90;ГОСТ 4757 - 91
FeCr70C90LP;ГОСТ 4757 - 91
FeCr70C90LS;ГОСТ 4757 - 91
FeCr70C90LSLP;ГОСТ 4757 - 91
FeCr70C90Si2;ГОСТ 4757 - 91
FeCr70C90Si2LP;ГОСТ 4757 - 91
FeCr70C90Si2LS;ГОСТ 4757 - 91
FeCr70C90Si2LSLP;ГОСТ 4757 - 91
FeCr70C90Si4;ГОСТ 4757 - 91
FeCr70C90Si4LP;ГОСТ 4757 - 91
FeCr70C90Si4LS;ГОСТ 4757 - 91
FeCr70C90Si4LSLP;ГОСТ 4757 - 91
FeCr80C01;ГОСТ 4757 - 91
FeCr80C03;ГОСТ 4757 - 91
FeCr80C05;ГОСТ 4757 - 91
FeCr90C01;ГОСТ 4757 - 91
FeCr90C03;ГОСТ 4757 - 91
FeCr90C05;ГОСТ 4757 - 91
FeCrSi15;ГОСТ 11861 - 91
FeCrSi22;ГОСТ 11861 - 91
FeCrSi23;ГОСТ 11861 - 91
FeCrSi26;ГОСТ 11861 - 91
FeCrSi33;ГОСТ 11861 - 91
FeCrSi40;ГОСТ 11861 - 91
FeCrSi45;ГОСТ 11861 - 91
FeCrSi48;ГОСТ 11861 - 91
FeCrSi48LP;ГОСТ 11861 - 91
FeCrSi50;ГОСТ 11861 - 91
FeCrSi50LC;ГОСТ 11861 - 91
FeCrSi55;ГОСТ 11861 - 91
FeMn70C05N5;ГОСТ 4755 - 91
FeMn70C05N5LP;ГОСТ 4755 - 91
FeMn70C10N5;ГОСТ 4755 - 91
FeMn70C10N5LP;ГОСТ 4755 - 91
FeMn75C80HP;ГОСТ 4755 - 91
FeMn75C80LP;ГОСТ 4755 - 91
FeMn75C80MP;ГОСТ 4755 - 91
FeMn75C80VHP;ГОСТ 4755 - 91
FeMn75C80VLP;ГОСТ 4755 - 91
FeMn80C01;ГОСТ 4755 - 91
FeMn80C01LP;ГОСТ 4755 - 91
FeMn80C05;ГОСТ 4755 - 91
FeMn80C05LP;ГОСТ 4755 - 91
FeMn80C05N2;ГОСТ 4755 - 91
FeMn80C10;ГОСТ 4755 - 91
FeMn80C10LP;ГОСТ 4755 - 91
FeMn80C15;ГОСТ 4755 - 91
FeMn80C15LP;ГОСТ 4755 - 91
FeMn80C20;ГОСТ 4755 - 91
FeMn80C20LP;ГОСТ 4755 - 91
FeMn90C01;ГОСТ 4755 - 91
FeMn90C01LP;ГОСТ 4755 - 91
FeMn90C05;ГОСТ 4755 - 91
FeMn90C05LP;ГОСТ 4755 - 91
FeMn90C10;ГОСТ 4755 - 91
FeMn90C10LP;ГОСТ 4755 - 91
FeMn90C15;ГОСТ 4755 - 91
FeMn90C15LP;ГОСТ 4755 - 91
FeMn90C20;ГОСТ 4755 - 91
FeMn90C20LP;ГОСТ 4755 - 91
FeMnSi12;ГОСТ 4756 - 91
FeMnSi18;ГОСТ 4756 - 91
FeMnSi18LP;ГОСТ 4756 - 91
FeMnSi22HP;ГОСТ 4756 - 91
FeMnSi22LP;ГОСТ 4756 - 91
FeMnSi22MP;ГОСТ 4756 - 91
FeMnSi23HP;ГОСТ 4756 - 91
FeMnSi23LP;ГОСТ 4756 - 91
FeMnSi23MP;ГОСТ 4756 - 91
FeMnSi28;ГОСТ 4756 - 91
FeMnSi28LP;ГОСТ 4756 - 91
FeMnSi30ELP;ГОСТ 4756 - 91
FeMnSi30HP;ГОСТ 4756 - 91
FeMnSi30LP;ГОСТ 4756 - 91
FeMo60;ГОСТ 4759 - 91
FeMo60Cu1;ГОСТ 4759 - 91
FeMo60Cu1.5;ГОСТ 4759 - 91
FeMo70;ГОСТ 4759 - 91
FeMo70Cu1;ГОСТ 4759 - 91
FeMo70Cu1.5;ГОСТ 4759 - 91
FeNb60Ta1A13;ГОСТ 16773 - 2003
FeNb60Ta1A13.5;ГОСТ 16773 - 2003
FeNb60Ta1A16;ГОСТ 16773 - 2003
FeNb60Ta5A12;ГОСТ 16773 - 2003
FeNb60Ta5A16;ГОСТ 16773 - 2003
FeNb60Ta5A16Sn;ГОСТ 16773 - 2003
FeNb65;ГОСТ 16773 - 2003
FeSi10;ГОСТ 1415 - 93
FeSi15;ГОСТ 1415 - 93
FeSi25;ГОСТ 1415 - 93
FeSi45;ГОСТ 1415 - 93
FeSi50;ГОСТ 1415 - 93
FeSi65;ГОСТ 1415 - 93
FeSi75Al1;ГОСТ 1415 - 93
FeSi75Al1.5;ГОСТ 1415 - 93
FeSi75Al2;ГОСТ 1415 - 93
FeSi75Al3;ГОСТ 1415 - 93
FeSi90Al1;ГОСТ 1415 - 93
FeSi90Al2;ГОСТ 1415 - 93
FeT30A110;ГОСТ 4761 - 91
FeT30A16;ГОСТ 4761 - 91
FeT40A10;ГОСТ 4761 - 91
FeT40A16;ГОСТ 4761 - 91
FeT40A18;ГОСТ 4761 - 91
FeT70;ГОСТ 4761 - 91
FeT70A112;ГОСТ 4761 - 91
FeT70A15;ГОСТ 4761 - 91
FeV40;ГОСТ 27130 - 94
FeV60;ГОСТ 27130 - 94
FeV80;ГОСТ 27130 - 94
FeV80A112;ГОСТ 27130 - 94
FeV80A114;ГОСТ 27130 - 94
FeW80;ГОСТ 17293 - 93
FeW80LC;ГОСТ 17293 - 93
FW;ГОСТ Р 52927 - 2008
L-Ni35;ГОСТ 7769 - 82
L-NiCr20-2;ГОСТ 7769 - 82
L-NiCr20-3;ГОСТ 7769 - 82
L-NiCr30-3;ГОСТ 7769 - 82
L-NiCuCr15-6-2;ГОСТ 7769 - 82
L-NiCuCr15-6-3;ГОСТ 7769 - 82
L-NiMn13-7;ГОСТ 7769 - 82
L-NiSiCr20-5-3;ГОСТ 7769 - 82
L-NiSiCr30-5-5;ГОСТ 7769 - 82
PbIn7;ГОСТ 1320 - 74
PbSb0.2SnCu;ГОСТ 1292 - 81
PbSb0.9;ГОСТ 1292 - 81
PbSb0.9Cu;ГОСТ 1292 - 81
PbSb10Sn6;ГОСТ 1320 - 74
PbSb15Sn10;ГОСТ 1320 - 74
PbSb15SnAs;ГОСТ 1320 - 74
PbSb2.5AsSe;ГОСТ 1292 - 81
PbSb4;ГОСТ 1292 - 81
PbSb5;ГОСТ 1292 - 81
PbSb5.5;ГОСТ 1292 - 81
PbSb6.5;ГОСТ 1292 - 81
PbSn10;ГОСТ 1320 - 74
PbSn10Cu2;ГОСТ 1320 - 74
RACr99;ГОСТ 5905 - 2004
RECr99.6;ГОСТ 5905 - 2004
SH;ГОСТ Р 50567 - 93
SL;ГОСТ Р 50567 - 93
SM;ГОСТ Р 50567 - 93
S-Ni22;ГОСТ 7769 - 82
S-Ni35;ГОСТ 7769 - 82
S-NiCr20-2;ГОСТ 7769 - 82
S-NiCr20-3;ГОСТ 7769 - 82
S-NiCr30-1;ГОСТ 7769 - 82
S-NiCr30-3;ГОСТ 7769 - 82
S-NiCr35-3;ГОСТ 7769 - 82
S-NiMn13-7;ГОСТ 7769 - 82
S-NiMn23-4;ГОСТ 7769 - 82
S-NiSiCr20-5-2;ГОСТ 7769 - 82
S-NiSiCr30-5-5;ГОСТ 7769 - 82
SnSb8Cu4;ГОСТ 1320 - 74
ZnA14A;ГОСТ 25140 - 93
ZnA14Cu1A;ГОСТ 25140 - 93
ZnA14Cu3;ГОСТ 19424 - 97
ZnA14Cu3A;ГОСТ 25140 - 93
А;ГОСТ 5521 - 93
А0;ГОСТ 11069 - 2001
А1;ГОСТ 31334 - 2007
А11;ГОСТ 1414 - 75
А12;ГОСТ 1414 - 75
А15Х;ТУ 14-159-126-78
А2;ГОСТ 31334 - 2007
А20;ГОСТ 1414 - 75
А3;ГОСТ 31334 - 2007
А30;ГОСТ 1414 - 75
А35;ГОСТ 1414 - 75
А35(ГОСТ11069-2001);ГОСТ 11069 - 2001
А35Е;ГОСТ 1414-75
А4;ГОСТ 31334 - 2007
А40;ГОСТ 1414 - 75
А40Г;ГОСТ 1414 - 75
А40ХЕ;ГОСТ 1414-75
А45Е;ГОСТ 1414-75
А5;ГОСТ 11069 - 2001
А5Е;ГОСТ 11069 - 2001
А6;ГОСТ 11069 - 2001
А7;ГОСТ 11069 - 2001
А75;ТУ 14-1-2607-78
А7Е;ГОСТ 11069 - 2001
А7Э;ГОСТ 11069 - 2001
А8;ГОСТ 11069 - 2001
А85;ГОСТ 11069 - 2001
А95;ГОСТ 11069 - 2001
А97;ГОСТ 11069 - 2001
А98;ГОСТ 11069 - 2001
А99;ГОСТ 11069 - 2001
А995;ГОСТ 11069 - 2001
А999;ГОСТ 11069-74
А99КВ;ГОСТ 9498 - 79
АВ;ГОСТ 4784 - 97
1340;ГОСТ 4784 - 97
АВ86;ГОСТ 295-79
АВ86Ф;ГОСТ 295-79
АВ87;ГОСТ 295 - 98
АВ87Ф;ГОСТ 295 - 98
АВ88;ГОСТ 295-79
АВ88Ф;ГОСТ 295-79
АВ91;ГОСТ 295 - 98
АВ91Ф;ГОСТ 295 - 98
АВ92;ГОСТ 295-79
АВ92Ф;ГОСТ 295-79
АВ97;ГОСТ 295 - 98
АВ97Ф;ГОСТ 295 - 98
АВД1;ГОСТ 1131 - 76
АВД1-1;ГОСТ 1131 - 76
АВЕ;ГОСТ 20967 - 75
АД;ГОСТ 4784 - 97
1015;ГОСТ 4784 - 97
АД0;ГОСТ 4784 - 97
1011;ГОСТ 4784 - 97
АД00;ГОСТ 4784 - 97
1010;ГОСТ 4784 - 97
АД000;ГОСТ 4784 - 97
АД00Е;ГОСТ 4784 - 97
1010Е;ГОСТ 4784 - 97
АД0Е;ГОСТ 4784 - 97
1011Е;ГОСТ 4784 - 97
АД1;ГОСТ 4784 - 97
1013;ГОСТ 4784 - 97
АД1пл;ГОСТ 4784 - 97
АД31;ГОСТ 4784 - 97
1310;ГОСТ 4784 - 97
АД31Е;ГОСТ 4784 - 97
1310Е;ГОСТ 4784 - 97
АД33;ГОСТ 4784 - 97
1330;ГОСТ 4784 - 97
АД35;ГОСТ 4784 - 97
1350;ГОСТ 4784 - 97
АДоч;ГОСТ 4784-74
АДС;ГОСТ 4784-74
АДч;ГОСТ 4784-74
АЖ0.6;ГОСТ 745 - 2003
АЖ0.8;ГОСТ 745 - 2003
АЖ1;ГОСТ 745 - 2003
АК10М2Н;ГОСТ 30620 - 98
АК10су;ГОСТ 1583 - 93
АК12;ГОСТ 1583 - 93
АЛ2;ГОСТ 1583 - 93
АК12ж;ГОСТ 1583 - 93
СИЛ-2;ГОСТ 1583 - 93
АК12М2;ГОСТ 1583 - 93
АК11М2;ГОСТ 1583 - 93
АК12М2МгН;ГОСТ 1583 - 93
АЛ25;ГОСТ 1583 - 93
АК12ММгН;ГОСТ 1583 - 93
АЛ30;ГОСТ 1583 - 93
АК12оч;ГОСТ 1583 - 93
СИЛ-00;ГОСТ 1583 - 93
АК12П;ГОСТ 1583 - 93
АК12пч;ГОСТ 1583 - 93
СИЛ-0;ГОСТ 1583 - 93
АК12ч;ГОСТ 1583 - 93
СИЛ-1;ГОСТ 1583 - 93
АК13;ГОСТ 1583 - 93
АК18;ГОСТ 30620 - 98
АК21М2.5Н2.5;ГОСТ 1583 - 93
ВКЖЛС-2;ГОСТ 1583 - 93
АК4;ГОСТ 4784 - 97
1140;ГОСТ 4784 - 97
АКД4;ГОСТ 4784 - 97
АК4-1;ГОСТ 4784 - 97
1141;ГОСТ 4784 - 97
АК4-1ч;ГОСТ 4784 - 97
АК4М4;Not found
АЛ15В;Not found
АК5М;ГОСТ 1583 - 93
АЛ5;ГОСТ 1583 - 93
АК5М2;ГОСТ 1583 - 93
АЛ3В;ГОСТ 1583 - 93
АК5М2П;ГОСТ 1583 - 93
АК5М4;ГОСТ 1583 - 93
АК5М7;ГОСТ 1583 - 93
АЛ10В;ГОСТ 1583 - 93
АК5Мч;ГОСТ 1583 - 93
АЛ5-1;ГОСТ 1583 - 93
АК6;ГОСТ 4784 - 97
1360;ГОСТ 4784 - 97
АКД6;ГОСТ 4784 - 97
АК6М2;ГОСТ 1583 - 93
АК7;ГОСТ 1583 - 93
АЛ9В;ГОСТ 1583 - 93
АК7М2;Not found
АЛ14В;Not found
АК7П;ГОСТ 1583 - 93
АК7пч;ГОСТ 1583 - 93
АЛ9-1;ГОСТ 1583 - 93
АК7Ц9;ГОСТ 1583 - 93
АЛ11;ГОСТ 1583 - 93
АК7ч;ГОСТ 1583 - 93
АЛ9;ГОСТ 1583 - 93
АК8;ГОСТ 4784 - 97
1380;ГОСТ 4784 - 97
АКД8;ГОСТ 4784 - 97
АК8л;ГОСТ 1583 - 93
ВАЛ5;ГОСТ 1583 - 93
АЛ34;ГОСТ 1583 - 93
АК8М;ГОСТ 1583 - 93
АЛ32;ГОСТ 1583 - 93
АК8М3;ГОСТ 1583 - 93
АК8М3ч;ГОСТ 1583 - 93
ВАЛ8;ГОСТ 1583 - 93
АК9;ГОСТ 1583 - 93
АЛ4В;ГОСТ 1583 - 93
АК9М2;ГОСТ 1583 - 93
АК9П;ГОСТ 1583 - 93
АК9пч;ГОСТ 1583 - 93
АЛ4-1;ГОСТ 1583 - 93
АК9с;ГОСТ 1583 - 93
АК9Ц6;ГОСТ 1583 - 93
АК9Ц6р;ГОСТ 1583 - 93
АК9ч;ГОСТ 1583 - 93
АЛ4;ГОСТ 1583 - 93
АКМ;ГОСТ 1131 - 76
АКЦМ;ГОСТ 1131 - 76
АЛ1;ГОСТ 2685-75
АЛ21;ГОСТ 2685-75
АЛ26;ГОСТ 2685-75
АЛ3;ГОСТ 2685-75
АЛ33;ГОСТ 2685-75
ВАЛ1;ГОСТ 2685-75
АЛ4М;Not found
АЛ6;ГОСТ 2685-75
АЛ7;ГОСТ 2685-75
АЛ7-4;Not found
АЛ8;ГОСТ 2685-75
АМ4;ГОСТ 18591 - 91
АМ4.5Кд;ГОСТ 1583 - 93
ВАЛ10;ГОСТ 1583 - 93
АМ5;ГОСТ 1583 - 93
АЛ19;ГОСТ 1583 - 93
АМг0.5;ГОСТ 4784 - 97
1505;ГОСТ 4784 - 97
АМг1;ГОСТ 4784 - 97
1510;ГОСТ 4784 - 97
АМг1.5;ГОСТ 4784 - 97
АМг10;ГОСТ 1583 - 93
АЛ27;ГОСТ 1583 - 93
АМг10ч;ГОСТ 1583 - 93
АЛ27-1;ГОСТ 1583 - 93
АМг11;ГОСТ 1583 - 93
АЛ22;ГОСТ 1583 - 93
АМг1М1;ГОСТ 9498 - 79
АМг2;ГОСТ 4784 - 97
1520;ГОСТ 4784 - 97
АМг2.5;ГОСТ 4784 - 97
АМг3;ГОСТ 4784 - 97
1530;ГОСТ 4784 - 97
АМг3.5;ГОСТ 4784 - 97
АМг3С;ГОСТ 4784-74
АМг4;ГОСТ 4784 - 97
1540;ГОСТ 4784 - 97
АМг4.5;ГОСТ 4784 - 97
АМг4К1.5М;ГОСТ 1583 - 93
АМг4К1.5М1;ГОСТ 1583 - 93
АМг5;ГОСТ 4784 - 97
1550;ГОСТ 4784 - 97
АМг5К;ГОСТ 1583 - 93
АЛ13;ГОСТ 1583 - 93
АМг5Мц;ГОСТ 1583 - 93
АЛ28;ГОСТ 1583 - 93
АМг5П;ГОСТ 4784 - 97
1557;ГОСТ 4784 - 97
АМг6;ГОСТ 4784 - 97
1560;ГОСТ 4784 - 97
АМг6Л;ГОСТ 1583 - 93
АЛ23;ГОСТ 1583 - 93
АМг6лч;ГОСТ 1583 - 93
АЛ23-1;ГОСТ 1583 - 93
АМг7;ГОСТ 1583 - 93
АЛ29;ГОСТ 1583 - 93
АМК;ГОСТ 14113 - 78
АМСТ;ГОСТ 14113 - 78
АМФ;ГОСТ 767 - 91
АМФу;ГОСТ 767 - 91
АМц;ГОСТ 4784 - 97
1400;ГОСТ 4784 - 97
АМцС;ГОСТ 4784 - 97
1401;ГОСТ 4784 - 97
АН-2.5;ГОСТ 14113 - 78
АНВ-300;ОСТ 1-90127-85
АНВ300;ОСТ 1-90127-85
АО12-1;ГОСТ 14113 - 78
АО20-1;ГОСТ 14113 - 78
АО3-1;Not found
АО3-7;ГОСТ 14113 - 78
АО6-1;ГОСТ 14113 - 78
АО9-1;ГОСТ 14113 - 78
АО9-2;ГОСТ 14113 - 78
АО9-2Б;Not found
АПС-1А;ГОСТ 10096 - 76
АПС-1Б;ГОСТ 10096 - 76
АПС-2;ГОСТ 10096 - 76
АПС-3;ГОСТ 10096 - 76
АС11;Not found
АС12ХН;ГОСТ 1414 - 75
АС14;ГОСТ 1414 - 75
АС14ХГН;ГОСТ 1414 - 75
АС19ХГН;ГОСТ 1414 - 75
АС20ХГНМ;ГОСТ 1414 - 75
АС30ХМ;ГОСТ 1414 - 75
АС35Г2;ГОСТ 1414 - 75
АС38ХГМ;ГОСТ 1414 - 75
АС40;ГОСТ 1414 - 75
АС40Х;ГОСТ 1414 - 75
АС40ХГНМ;ГОСТ 1414 - 75
АС45Г2;ГОСТ 1414 - 75
АСМ;ГОСТ 14113 - 78
АСУ10Е;ТУ 14-1-2607-78
АСЦ30ХМ;ТУ 13-134-101-75
АТ3;ГОСТ 19807 - 91
АТ-6;Not found
АУ10Е;ТУ 14-1-2607-78
АЦ20ХГНМ;ТУ 14-134-115-76
АЦ4Мг;ГОСТ 1583 - 93
АЛ24;ГОСТ 1583 - 93
АЦпл;ГОСТ 4784 - 97
АЧВ-1;ГОСТ 1585 - 85
АЧВ-2;ГОСТ 1585 - 85
АЧК-1;ГОСТ 1585 - 85
АЧК-2;ГОСТ 1585 - 85
АЧС-1;ГОСТ 1585 - 85
АЧС-2;ГОСТ 1585 - 85
АЧС-3;ГОСТ 1585 - 85
АЧС-4;ГОСТ 1585 - 85
АЧС-5;ГОСТ 1585 - 85
АЧС-6;ГОСТ 1585 - 85
Б16;ГОСТ 1320 - 74
Б83;ГОСТ 1320 - 74
Б83С;ГОСТ 1320 - 74
Б88;ГОСТ 1320 - 74
БК2;ГОСТ 1209 - 90
БК2Ц;ГОСТ 1209 - 90
БК2Ш;ГОСТ 1209 - 90
БКА;ГОСТ 1209 - 90
БН;ГОСТ 1320 - 74
БрА10Ж3;ГОСТ 614 - 97
БрА10Ж3Мц2;ГОСТ 493 - 79
БрА10Ж3р;ГОСТ 614 - 97
БрА10Ж4Н4Л;ГОСТ 493 - 79
БрАЖН10-4-4Л;ГОСТ 493 - 79
БрА10Мц2Л;ГОСТ 493 - 79
БрА11Ж6Н6;ГОСТ 493 - 79
БрАЖН11-6-6;ГОСТ 493 - 79
БрА5;ГОСТ 18175 - 78
CuA15;ГОСТ 18175 - 78
БрА7;ГОСТ 18175 - 78
CuA18;ГОСТ 18175 - 78
БрА7Ж1.5С1.5;Not found
БрА7Мц15Ж3Н2Ц2;ГОСТ 493 - 79
БрА9Ж3Л;ГОСТ 493 - 79
БрАЖ9-4Л;ГОСТ 493 - 79
БрА9Ж4;Not found
БрА9Ж4Н4Мц1;ГОСТ 493 - 79
БрА9Мц2Л;ГОСТ 493 - 79
БрАМц9-2Л;ГОСТ 493 - 79
БрАЖ9-4;ГОСТ 18175 - 78
CuA19Fe3;ГОСТ 18175 - 78
БрАЖМц10-3-1.5;ГОСТ 18175 - 78
CuA110Fe3Mn1;ГОСТ 18175 - 78
БрАЖН10-4-4;ГОСТ 18175 - 78
CuA110Fe4Ni4;ГОСТ 18175 - 78
БрАЖНМц9-4-4-1;ГОСТ 18175 - 78
БрАМц10-2;ГОСТ 18175 - 78
БрАМц9-2;ГОСТ 18175 - 78
CuA19Mn2;ГОСТ 18175 - 78
БрАЮЖ3;ГОСТ 17328 - 78
БрВАЖ9-4;ГОСТ 17328 - 78
БрАЮЖ3Мц2;ГОСТ 17328 - 78
БрВАЖМц10-3-1.5;ГОСТ 17328 - 78
БрАЮЖ3р;ГОСТ 17328 - 78
БрВАЖ9-4Л;ГОСТ 17328 - 78
БрБ2;ГОСТ 18175 - 78
CuBe2Ni(Co;ГОСТ 18175 - 78
);ГОСТ 18175 - 78
БрБ2.5;ТУ 48-21-96-72
БрБНТ1.7;ГОСТ 18175-72
БрБНТ1.9;ГОСТ 18175 - 78
CuBe2NiTi;ГОСТ 18175 - 78
БрБНТ1.9Мг;ГОСТ 18175 - 78
БрКБ2.5-0.5;Not found
МКБ2.5-0.5;Not found
БрКд1;ГОСТ 18175 - 78
CuCd1;ГОСТ 18175 - 78
БрКМц3-1;ГОСТ 18175 - 78
CuSi3Mn1;ГОСТ 18175 - 78
БрКН1-3;ГОСТ 18175 - 78
БрКХКо0.4-0.6-1.6;Not found
БрМВТ;Not found
БрМг0.3;ГОСТ 18175 - 78
БрМг0.5;Not found
БрМг0.8;Not found
БрМц5;ГОСТ 18175 - 78
БрНБТ;ГОСТ 48-21 - 92
БрНХК;Not found
БрНХК2.5-0.7-0.6;Not found
БрНЦр;ГОСТ 16130 - 90
БрО10;Not found
БрО10С10;ГОСТ 613 - 79
БрО10С12Н3;Not found
БрО10Ф1;ГОСТ 613 - 79
БрО10Ц2;ГОСТ 613 - 79
БрО19;Not found
БрО3.5Ц7С5;Not found
БрО3Ц12С5;ГОСТ 613 - 79
БрОЦС3-12-5;ГОСТ 613 - 79
БрО3Ц13С4;ГОСТ 614 - 97
БрО3Ц6С5;ГОСТ 614 - 97
БрО3Ц7С5Н;Not found
БрО3Ц7С5Н1;ГОСТ 613 - 79
БрОЦСН3-7-5-1;ГОСТ 613 - 79
БрО3Ц8С4Н1;ГОСТ 614 - 97
БрО4Ц4С17;ГОСТ 613 - 79
БрОЦС4-4-17;ГОСТ 613 - 79
БрО4Ц7С5;ГОСТ 613 - 79
БрОЦС3.5-7-5;ГОСТ 613 - 79
БрО4Ц8С5;ГОСТ 614 - 97
БрО5С25;ГОСТ 613 - 79
БрО5Ц5С5;ГОСТ 613 - 79
БрОЦС5-5-6;ГОСТ 613 - 79
БрО5Ц6С5;ГОСТ 614 - 97
БрО6С6Ц3;Not found
БрО6Ц6С2Х;ГОСТ 614 - 97
БрО6Ц6С3;ГОСТ 613 - 79
БрО8Н4Ц2;Not found
БрО8С12;Not found
БрО8Ц4;ГОСТ 613 - 79
БрОФ2-0.25;ГОСТ 5017 - 2006
БрОФ4-0.25;ГОСТ 5017 - 2006
БрОФ6.5-0.15;ГОСТ 5017 - 2006
БрОФ6.5-0.4;ГОСТ 5017 - 2006
БрОФ7-0.2;ГОСТ 5017 - 2006
БрОФ8-0.3;ГОСТ 5017 - 2006
БрОЦ4-3;ГОСТ 5017 - 2006
БрОЦС4-4-2.5;ГОСТ 5017 - 2006
БрОЦС4-4-4;ГОСТ 5017 - 2006
БрС30;ГОСТ 493 - 79
БрС60Н2.5;Not found
БрСр0.1;ГОСТ 18175 - 78
CuAg0.1;ГОСТ 18175 - 78
БрСу3Н3Ц3С20Ф;ГОСТ 493 - 79
БрСу6Н2;Not found
БрСу6С12Ф0.3;Not found
БрСу6Ф1;Not found
БрХ;Not found
БрХ0.7;ГОСТ 16130 - 90
БрХ1;ГОСТ 18175 - 78
CuCr1;ГОСТ 18175 - 78
БрХ1Цр;ТУ 48-21-5050-82
БрХВЦр;Not found
БрХНб;Not found
БрХНТ;ГОСТ 16130 - 90
БрХЦр;Not found
БрХЦр0.3-0.09;Not found
БрХЦр0.6-0.05;Not found
БрЦр0.2;Not found
БрЦр0.3;Not found
МЦр0.3;Not found
БрЦр0.4;Not found
БрЦр0.7;Not found
БС6;ГОСТ 1320 - 74
БТЦ-ВД;ГОСТ 10994 - 74
В;ГОСТ 5521 - 93
В124;Not found
В2616;Not found
В2Ф;ГОСТ 5950 - 2000
В-3;ГОСТ 26630 - 85
В3К;ОСТ 1-90127-85
В65;ГОСТ 4784 - 97
1165;ГОСТ 4784 - 97
В93;Not found
В93пч;ГОСТ 4784 - 97
В94;Not found
В95;ГОСТ 4784 - 97
1950;ГОСТ 4784 - 97
В95-1;ГОСТ 4784 - 97
В95-2;ГОСТ 4784 - 97
В95оч;ГОСТ 4784 - 97
В95П;ГОСТ 4784 - 97
1957;ГОСТ 4784 - 97
В95пч;ГОСТ 4784 - 97
В96;Not found
В96ц;Not found
В96Ц1;Not found
ВА;ГОСТ 19671 - 91
ВАК4;ГОСТ 1131 - 76
АК4ч;ГОСТ 1131 - 76
ВАК6;ГОСТ 1131 - 76
АК6ч;ГОСТ 1131 - 76
ВАЛ10М;Not found
ВАЛ11;Not found
ВАЛ12;Not found
ВБр3;ОСТ 1-90072-72
ВВ750П;ГОСТ Р 52802 - 2007
ХН50КВМТЮБ;ГОСТ Р 52802 - 2007
ВВ750;ГОСТ Р 52802 - 2007
ВД;ГОСТ 1131 - 76
ВДч;ГОСТ 1131 - 76
ВД1;ГОСТ 1131 - 76
ВД17;Not found
ВЖЛ1;ОСТ 1-90126-85
ВЖЛ1-ВИ;ОСТ 1-90126-85
ВЖЛ12У;ОСТ 1-90126-85
ВЖЛ12У-ВИ;ОСТ 1-90126-85
ВЖЛ12Э;ОСТ 1-90126-85
ВЖЛ12Э-ВИ;ОСТ 1-90126-85
ВЖЛ14;ТУ 1-92-160-90
ВЖЛ14Н;ОСТ 1-90126-85
ВЖЛ14Н-ВИ;ОСТ 1-90126-85
ВЖЛ18;ОСТ 1-90126-85
ВЖЛ18-ВИ;ОСТ 1-90126-85
ВЖЛ2;ОСТ 1-90126-85
ВЖЛ2-ВИ;ОСТ 1-90126-85
ВЖЛ8;ОСТ 1-90127-85
Ви00;ГОСТ 10928 - 90
Ви1;ГОСТ 10928 - 90
Ви2;ГОСТ 10928 - 90
ВК10;ГОСТ 3882 - 74
ВК10-КС;ГОСТ 3882 - 74
ВК10КС;ГОСТ 3882 - 74
ВК10-ХОМ;ГОСТ 3882 - 74
ВК10ХОМ;ГОСТ 3882 - 74
ВК11-В;ГОСТ 3882 - 74
ВК11В;ГОСТ 3882 - 74
ВК11-ВК;ГОСТ 3882 - 74
ВК11ВК;ГОСТ 3882 - 74
ВК15;ГОСТ 3882 - 74
ВК20;ГОСТ 3882 - 74
ВК20-КС;ГОСТ 3882 - 74
ВК20КС;ГОСТ 3882 - 74
ВК3;ГОСТ 3882 - 74
ВК3-М;ГОСТ 3882 - 74
ВК3М;ГОСТ 3882 - 74
ВК4-В;ГОСТ 3882 - 74
ВК4В;ГОСТ 3882 - 74
ВК6;ГОСТ 3882 - 74
ВП3115;ГОСТ 3882 - 74
ВК6-В;ГОСТ 3882 - 74
ВК6В;ГОСТ 3882 - 74
ВК6-М;ГОСТ 3882 - 74
ВК6М;ГОСТ 3882 - 74
ВК6-ОМ;ГОСТ 3882 - 74
ВК6ОМ;ГОСТ 3882 - 74
ВК8;ГОСТ 3882 - 74
ВП3325;ГОСТ 3882 - 74
ВК8-В;ГОСТ 3882 - 74
ВК8В;ГОСТ 3882 - 74
ВК8-ВК;ГОСТ 3882 - 74
ВК8ВК;ГОСТ 3882 - 74
ВМ;ГОСТ 19671 - 91
ВО-13;ГОСТ 26630 - 85
ВОК-60;ГОСТ 26630 - 85
ВПр1;ОСТ 1-90082-88
ВПр-1;ОСТ 1-90082-88
ВПр2;ОСТ 1-90082-88
ВПр-2;ОСТ 1-90082-88
ВПр4;ОСТ 1-90082-88
ВПр-4;ОСТ 1-90082-88
ВРН;ГОСТ 19671 - 91
ВСт2кп;ГОСТ 380-71
ВСт2пс;ГОСТ 380-71
ВСт2сп;ГОСТ 380-71
ВСт3Гпс;ГОСТ 380-71
ВСт3кп;ГОСТ 380-71
ВСт3пс;ГОСТ 380-71
ВСт3сп;ГОСТ 380-71
ВСт4кп;ГОСТ 380-71
ВСт4пс;ГОСТ 380-71
ВСт4сп;ГОСТ 380-71
ВСт5пс;ГОСТ 380-71
ВСт5сп;ГОСТ 5781 - 82
ВСт6пс;ГОСТ 380-71
ВСт6сп;ГОСТ 380-71
ВТ1-0;ГОСТ 19807 - 91
ВТ-10;ГОСТ 19671 - 91
ВТ1-00;ГОСТ 19807 - 91
ВТ1-00св;ГОСТ 27265 - 87
ВТ1-1;Not found
ВТ1-2;ГОСТ 19807 - 91
ВТ14;ГОСТ 19807 - 91
ВТ14Л;Not found
ВТ15;ОСТ 1-90013-81
ВТ-15;ГОСТ 19671 - 91
ВТ16;ОСТ 1-90013-81
ВТ18;ОСТ 1-90013-81
ВТ18у;ОСТ 1-90013-81
ВТ1Л;Not found
ВТ20;ГОСТ 19807 - 91
ВТ20-1св;ГОСТ 27265 - 87
ВТ20-2св;ГОСТ 27265 - 87
ВТ20Л;ОСТ 1-90060-92
ВТ21Л;ОСТ 1-90060-92
ВТ22;ГОСТ 19807 - 91
ВТ22И;ОСТ 1-90013-81
ВТ23;ОСТ 1-90013-81
ВТ25У;ОСТ 1-90013-81
ВТ2св;ГОСТ 27265 - 87
ВТ3-1;ГОСТ 19807 - 91
ВТ3-1Л;Not found
ВТ41;ОСТ 1-90013-81
ВТ5;ГОСТ 19807 - 91
ВТ5-1;ГОСТ 19807 - 91
ВТ5Л;ОСТ 1-90060-92
ВТ6;ГОСТ 19807 - 91
ВТ6Л;ОСТ 1-90060-92
ВТ6С;ГОСТ 19807 - 91
ВТ6св;ГОСТ 27265 - 87
ВТ6ч;ОСТ 1-90013-81
ВТ-7;ГОСТ 19671 - 91
ВТ8;ГОСТ 19807 - 91
ВТ8-1;ОСТ 1-90013-81
ВТ8М-1;ОСТ 1-90013-81
ВТ9;ГОСТ 19807 - 91
ВТ9Л;ОСТ 1-90060-92
ВХ4Л;ОСТ 1-90126-85
ВХ4Л-ВИ;ОСТ 1-90126-85
ВХ9Л;ОСТ 1-90126-85
ВХ9Л-ВИ;ОСТ 1-90126-85
ВХН1;ОСТ 1-90078-72
ВЧ100;ГОСТ 7293 - 85
ВЧ35;ГОСТ 7293 - 85
ВЧ40;ГОСТ 7293 - 85
ВЧ45;ГОСТ 7293 - 85
ВЧ50;ГОСТ 7293 - 85
ВЧ60;ГОСТ 7293 - 85
ВЧ70;ГОСТ 7293 - 85
ВЧ80;ГОСТ 7293 - 85
Г13А;ГОСТ 10543 - 98
Гл-0;ГОСТ 12797 - 77
Гл-1;ГОСТ 12797 - 77
ГФИ1;ГОСТ 22517 - 77
Д;ОСТ 14-21-77
Д1;ГОСТ 4784 - 97
1110;ГОСТ 4784 - 97
Д12;ГОСТ 4784 - 97
Д16;ГОСТ 4784 - 97
1160;ГОСТ 4784 - 97
Д16П;ГОСТ 4784 - 97
1167;ГОСТ 4784 - 97
Д16ч;ГОСТ 4784 - 97
Д18;ГОСТ 4784 - 97
1180;ГОСТ 4784 - 97
Д19;ГОСТ 4784 - 97
1190;ГОСТ 4784 - 97
Д19П;ГОСТ 4784 - 97
1197;ГОСТ 4784 - 97
Д19ч;ГОСТ 4784 - 97
Д1П;ГОСТ 4784 - 97
1117;ГОСТ 4784 - 97
Д20;ОСТ 1-90048-78
Д21;Not found
ДБ;ОСТ 14-21-77
Дбал;ДСТУ 3-009-2000
ДМ;ГОСТ Р 50567 - 93
ДН;ГОСТ Р 50567 - 93
Дс;ДСТУ 3-009-2000
Дтр;ДСТУ 3-009-2000
Е;ГОСТ 5521 - 93
ЕВ6;ГОСТ 10994 - 74
ЕХ3;ГОСТ 10994 - 74
ЕХ5К5;ГОСТ 10994 - 74
ЕХ9К15М2;ГОСТ 10994 - 74
ЖЛС;ГОСТ 30620 - 98
ЖС16;ОСТ 1-90126-85
ЖС16-ВИ;ОСТ 1-90126-85
ЖС3;ОСТ 1-90126-85
ЖС3-ВИ;ОСТ 1-90126-85
ЖС30;ОСТ 1-90126-85
ЖС30-ВИ;ОСТ 1-90126-85
ЖС3ДК;ОСТ 1-90126-85
ЖС3ДК-ВИ;ОСТ 1-90126-85
ЖС3ЛС;ОСТ 1-90127-85
ЖС6К;ОСТ 1-90126-85
ЖС6К-ВИ;ОСТ 1-90126-85
ЖС6У;ОСТ 1-90126-85
ЖС6У-ВИ;ОСТ 1-90126-85
Зл99.9;ГОСТ 6835 - 2002
Зл999;ГОСТ 6835 - 2002
Зл99.99;ГОСТ 6835 - 2002
Зл99.99Ан;ГОСТ 25475 - 82
Зл999.9;ГОСТ 30649 - 99
Зл999.9м;ГОСТ Р 51572 - 2000
ЗлА-1;ГОСТ 28058 - 89
ЗлА-1П;ГОСТ 28058 - 89
ЗлА-2;ГОСТ 28058 - 89
ЗлА-3;ГОСТ 28058 - 89
ЗлМ58.3;ГОСТ 6835 - 2002
ЗлМ583;ГОСТ 6835 - 2002
ЗлМ90;ГОСТ 6835 - 2002
ЗлМ900;ГОСТ 6835 - 2002
ЗлМ91.6;ГОСТ 6835 - 2002
ЗлМ916;ГОСТ 6835 - 2002
ЗлМ98;ГОСТ 6835 - 2002
ЗлМ980;ГОСТ 6835 - 2002
ЗлН95;ГОСТ 6835 - 2002
ЗлН-5;ГОСТ 6835 - 2002
ЗлНЦМ585-12.5-4;ГОСТ 30649 - 99
ЗлНЦМ750-7.5-2.5;ГОСТ 30649 - 99
ЗлПд60-40;ГОСТ 6835 - 2002
ЗлПд-40;ГОСТ 6835 - 2002
ЗлПд80-20;ГОСТ 6835 - 2002
ЗлПд-20;ГОСТ 6835 - 2002
ЗлПд84-16;ГОСТ 6835 - 2002
ЗлПд-16;ГОСТ 6835 - 2002
ЗлПдПл60-30-10;ГОСТ 6835 - 2002
ЗлПдПл-30-10;ГОСТ 6835 - 2002
ЗлПдПл30-10;ГОСТ 6835 - 2002
ЗлПл90-10;ГОСТ 6835 - 2002
ЗлПл-10;ГОСТ 6835 - 2002
ЗлПл93-7;ГОСТ 6835 - 2002
ЗлПл-7;ГОСТ 6835 - 2002
ЗлПл95-5;ГОСТ 6835 - 2002
ЗлПл-5;ГОСТ 6835 - 2002
ЗлПл98-2;ГОСТ 6835 - 2002
ЗлПл-2;ГОСТ 6835 - 2002
ЗлСр58.3-41.7;ГОСТ 6835 - 2002
ЗлСр583-417;ГОСТ 6835 - 2002
ЗлСр585-415;ГОСТ 30649 - 99
ЗлСр60-40;ГОСТ 6835 - 2002
ЗлСр600-400;ГОСТ 6835 - 2002
ЗлСр750-250;ГОСТ 30649 - 99
ЗлСр75-25;ГОСТ 6835 - 2002
ЗлСр99-1;ГОСТ 6835 - 2002
ЗлСр990-10;ГОСТ 6835 - 2002
ЗлСрМ33.3-33.3;ГОСТ 6835 - 2002
ЗлСрМ333-333;ГОСТ 6835 - 2002
ЗлСрМ37.5-10;ГОСТ 6835 - 2002
ЗлСрМ37.5-16;ГОСТ 6835 - 2002
ЗлСрМ37.5-2;ГОСТ 6835 - 2002
ЗлСрМ375-100;ГОСТ 30649 - 99
ЗлСрМ375-160;ГОСТ 30649 - 99
ЗлСрМ375-20;ГОСТ 30649 - 99
ЗлСрМ375-250;ГОСТ 30649 - 99
ЗлСрМ500-100;ГОСТ 30649 - 99
ЗлСрМ50-10;ГОСТ 6835 - 2002
ЗлСрМ50-20;ГОСТ 6835 - 2002
ЗлСрМ500-200;ГОСТ 6835 - 2002
ЗлСрМ58.5-20;ГОСТ 6835 - 2002
ЗлСрМ58.5-30;ГОСТ 6835 - 2002
ЗлСрМ58.5-8;ГОСТ 6835 - 2002
ЗлСрМ583-200;ГОСТ 6835-80
ЗлСрМ583-300;ГОСТ 6835-80
ЗлСрМ583-80;ГОСТ 6835-80
ЗлСрМ585-200;ГОСТ 30649 - 99
ЗлСрМ585-300;ГОСТ 30649 - 99
ЗлСрМ585-80;ГОСТ 30649 - 99
ЗлСрМ750-125;ГОСТ 30649 - 99
ЗлСрМ750-150;ГОСТ 30649 - 99
ЗлСрМ75-12.5;ГОСТ 6835 - 2002
ЗлСрМ90-4;ГОСТ 6835 - 2002
ЗлСрМ900-40;ГОСТ 6835 - 2002
ЗлСрМ93-4.5;ГОСТ 6835 - 2002
ЗлСрМ930-45;ГОСТ 6835 - 2002
ЗлСрМ95.8-2;ГОСТ 6835 - 2002
ЗлСрМ958-2;ГОСТ 6835 - 2002
ЗлСрМ95-2.5;ГОСТ 6835 - 2002
ЗлСрМ950-25;ГОСТ 6835 - 2002
ЗлСрМ958-20;ГОСТ 30649 - 99
ЗлСрМ96-3;ГОСТ 6835 - 2002
ЗлСрМ960-30;ГОСТ 6835 - 2002
ЗлСрМ97-2;ГОСТ 6835 - 2002
ЗлСрМ970-20;ГОСТ 6835 - 2002
ЗлСрМ98-1.5;ГОСТ 6835 - 2002
ЗлСрМ980-15;ГОСТ 6835 - 2002
ЗлСрМ99-0.5;ГОСТ 6835 - 2002
ЗлСрМ990-5;ГОСТ 6835 - 2002
ЗлСрНЦ750-150-7.5;ГОСТ 30649 - 99
ЗлСрНЦМ585-80-8.2-2.5;ГОСТ 30649 - 99
ЗлСрПд585-255-160;ГОСТ 30649 - 99
ЗлСрПд750-100-150;ГОСТ 30649 - 99
ЗлСрПдКд585-280-100;ГОСТ 30649 - 99
ЗлСрПдМ375-100-38;ГОСТ 30649 - 99
ЗлСрПдН750-70-140;ГОСТ 30649 - 99
ЗлСрПдН750-90-140;ГОСТ 30649 - 99
ЗлСрПдНКд750-90-85-4;ГОСТ 30649 - 99
ЗлСрПдЦ585-287-100;ГОСТ 30649 - 99
ЗлСрПлМ750-80-90;ГОСТ 30649 - 99
И99.8;ГОСТ 13099 - 2006
И99.9;ГОСТ 13099 - 2006
ИА-0;ГОСТ 12338 - 81
ИА-1;ГОСТ 12338 - 81
ИА-2;ГОСТ 12338 - 81
Ин0;ГОСТ 10297 - 94
Ин00;ГОСТ 10297 - 94
Ин000;ГОСТ 10297 - 94
Ин0000;ГОСТ 10297 - 94
Ин2;ГОСТ 10297 - 94
К0;ГОСТ 123 - 2008
К1;ГОСТ 123 - 2008
К1А;ГОСТ 123 - 2008
К1Ау;ГОСТ 123 - 2008
К2;ГОСТ 123 - 2008
К63;ГОСТ Р 51685-2000
К76;ГОСТ Р 51685 - 2000
К76Т;ГОСТ Р 51685 - 2000
К76Ф;ГОСТ Р 51685 - 2000
К78ХСФ;ГОСТ Р 51685 - 2000
К86Ф;ГОСТ Р 51685 - 2000
Кд0;ГОСТ 1467 - 93
Кд00;ГОСТ 22860 - 93
Кд000;ГОСТ 22860 - 93
Кд0000;ГОСТ 22860 - 93
Кд0А;ГОСТ 1467 - 93
Кд1;ГОСТ 1467 - 93
КНТ16;ГОСТ 26530 - 85
Кр0;ГОСТ 2169 - 69
Кр00;ГОСТ 2169 - 69
Кр1;ГОСТ 2169 - 69
Кр2;ГОСТ 2169 - 69
Кр3;ГОСТ 2169 - 69
КС740;ГОСТ 30620 - 98
КС741;ГОСТ 30620 - 98
КТ-2;ГОСТ 9389 - 75
КЧ30-6;ГОСТ 1215 - 79
КЧ33-8;ГОСТ 1215 - 79
КЧ35-10;ГОСТ 1215 - 79
КЧ37-12;ГОСТ 1215 - 79
КЧ45-7;ГОСТ 1215 - 79
КЧ50-5;ГОСТ 1215 - 79
КЧ55-4;ГОСТ 1215 - 79
КЧ60-3;ГОСТ 1215 - 79
КЧ65-3;ГОСТ 1215 - 79
КЧ70-2;ГОСТ 1215 - 79
КЧ80-1.5;ГОСТ 1215 - 79
Л1;ГОСТ 4832 - 95
Л114;ОСТ 1-90127-85
Л2;ГОСТ 4832 - 95
Л3;ГОСТ 4832 - 95
Л4;ГОСТ 4832 - 95
Л5;ГОСТ 4832 - 95
Л59;Not found
Л6;ГОСТ 4832 - 95
Л60;ГОСТ 15527 - 2004
Л63;ГОСТ 15527 - 2004
Л63А;ГОСТ 15527 - 2004
Л66;Not found
Л68;ГОСТ 15527 - 2004
Л70;ГОСТ 15527 - 2004
Л75;Not found
Л75мк;ГОСТ 15527 - 2004
Л80;ГОСТ 15527 - 2004
Л85;ГОСТ 15527 - 2004
Л90;ГОСТ 15527 - 2004
Л96;ГОСТ 15527 - 2004
ЛА;ГОСТ 1020 - 97
ЛА77-2;ГОСТ 15527 - 2004
ЛА77-2у;ГОСТ 15527 - 2004
ЛА85-0.5;ТУ 48-08-495-71
ЛАЖ60-1-1;ГОСТ 15527 - 2004
ЛАЖМц;ГОСТ 1020 - 97
ЛАМш77-2-0.04;ГОСТ 15527 - 2004
ЛАМш77-2-0.05;ГОСТ 15527 - 2004
ЛАН59-3-2;ГОСТ 15527 - 2004
ЛАНКМц75-2-2.5-0.5-0.5;ГОСТ 15527 - 2004
ЛЖМц59-1-1;ГОСТ 15527 - 2004
ЛЖС58-1-1;ГОСТ 15527 - 2004
ЛК;ГОСТ 1020 - 97
ЛК1;ГОСТ 1020 - 97
ЛК2;ГОСТ 1020 - 97
ЛК4;ОСТ 1-90127-85
ЛК62-0.5;ГОСТ 15527 - 2004
ЛК75В;ГОСТ 15527 - 2004
ЛК80-3;ГОСТ 15527-70
ЛКБО62-0.2-0.04-0.5;ГОСТ 15527 - 2004
ЛКС;ГОСТ 1020 - 97
ЛКС65-1.5-3;Not found
ЛМц58-2;ГОСТ 15527 - 2004
ЛМцА57-3-1;ГОСТ 15527-70
ЛМцЖ;ГОСТ 1020 - 97
ЛМцКА;ГОСТ 1020 - 97
ЛМцС;ГОСТ 1020 - 97
ЛМцСК;ГОСТ 1020 - 97
ЛМцСКА;ГОСТ 1020 - 97
ЛМш68-0.05;ГОСТ 15527 - 2004
ЛН65-5;ГОСТ 15527-70
ЛО60-1;ГОСТ 15527 - 2004
ЛО62-1;ГОСТ 15527 - 2004
ЛО70-1;ГОСТ 15527 - 2004
ЛО90-1;ГОСТ 15527 - 2004
ЛОК59-1-0.3;ГОСТ 15527 - 2004
ЛОМш70-1-0.04;ГОСТ 15527 - 2004
ЛОМш70-1-0.05;ГОСТ 15527 - 2004
ЛОС;ГОСТ 1020 - 97
ЛР1;ГОСТ 4832 - 95
ЛР2;ГОСТ 4832 - 95
ЛР3;ГОСТ 4832 - 95
ЛР4;ГОСТ 4832 - 95
ЛР5;ГОСТ 4832 - 95
ЛР6;ГОСТ 4832 - 95
ЛР7;ГОСТ 4832 - 95
ЛС;ГОСТ 1020 - 97
ЛС58-2;ГОСТ 15527 - 2004
ЛС58-3;ГОСТ 15527 - 2004
ЛС59-1;ГОСТ 15527 - 2004
ЛС59-1В;ГОСТ 15527 - 2004
ЛС59-2;ГОСТ 15527 - 2004
ЛС60-1;ГОСТ 15527-70
ЛС63-3;ГОСТ 15527 - 2004
ЛС63-3А;ГОСТ 15527 - 2004
ЛС64-2;ГОСТ 15527 - 2004
ЛС74-3;ГОСТ 15527 - 2004
ЛСд;ГОСТ 1020 - 97
ЛСдч;ГОСТ 1020 - 97
ЛСч;ГОСТ 1020 - 97
ЛЦ14К3С3;ГОСТ 17711 - 93
ЛЦ16К4;ГОСТ 17711 - 93
ЛК80-Л;ГОСТ 17711 - 93
ЛЦ23А6Ж3Мц2;ГОСТ 17711 - 93
ЛАЖМц66-6-3-2;ГОСТ 17711 - 93
ЛЦ25С2;ГОСТ 17711 - 93
ЛЦ30А3;ГОСТ 17711 - 93
ЛА67-2.5;ГОСТ 17711 - 93
ЛЦ37Мц2С2К;ГОСТ 17711 - 93
ЛЦ38Мц2С2;ГОСТ 17711 - 93
ЛЦ40АЖ;Not found
ЛЦ40Мц1.5;ГОСТ 17711 - 93
ЛМц58-2Л;ГОСТ 17711 - 93
ЛЦ40Мц3А;ГОСТ 17711 - 93
ЛЦ40Мц3Ж;ГОСТ 17711 - 93
ЛМцЖ55-3-1;ГОСТ 17711 - 93
ЛЦ40С;ГОСТ 17711 - 93
ЛЦ40СД;ГОСТ 17711 - 93
ЛС59-1ЛД;ГОСТ 17711 - 93
ЛЭ-1;ГОСТ 8774 - 75
ЛЭ-2;ГОСТ 8774 - 75
М0;ГОСТ 859 - 2001
М00;ГОСТ 859 - 2001
М001;ГОСТ Р 53803 - 2010
М001б;ГОСТ Р 53803 - 2010
М00б;ГОСТ 859 - 2001
М00к;ГОСТ 859 - 2001
М0б;ГОСТ 859 - 2001
М0к;ГОСТ 859 - 2001
М1;ГОСТ 859 - 2001
М1б;ГОСТ 859 - 2001
М1Е;ГОСТ 1173 - 2006
М1к;ГОСТ 859 - 2001
М1ор;ГОСТ Р 53803 - 2010
М1р;ГОСТ 859 - 2001
М1рЕ;ГОСТ 1173 - 2006
М1у;ГОСТ 767 - 91
М1ф;ГОСТ 859 - 2001
М2;ГОСТ 859 - 2001
М2к;ГОСТ 859 - 2001
М2р;ГОСТ 859 - 2001
М3;ГОСТ 859 - 2001
М3р;ГОСТ 859 - 2001
М54;ГОСТ 4133 - 73
М68;ГОСТ 18232 - 83
М73В;ГОСТ 9960 - 85
М73Т;ГОСТ 9960 - 85
М73Ц;ГОСТ 9960 - 85
М74;ГОСТ Р 51685-2000
М74Т;ГОСТ Р 51685-2000
М74Ц;ГОСТ Р 51685-2000
М76;ГОСТ Р 51685 - 2000
М76В;ГОСТ Р 51685-2000
М76ВТ;ГОСТ Р 51685-2000
М76Т;ГОСТ Р 51685 - 2000
М76Ф;ГОСТ Р 51685 - 2000
М76Ц;ГОСТ Р 51685-2000
МА1;ГОСТ 14957 - 76
МА10Ц1;ГОСТ 2581 - 78
МА11;ГОСТ 14957 - 76
МА12;ГОСТ 14957 - 76
МА14;ГОСТ 14957 - 76
МА15;ГОСТ 14957 - 76
МА17;ГОСТ 14957 - 76
МА18;ГОСТ 14957 - 76
МА19;ГОСТ 14957 - 76
МА2;ГОСТ 14957 - 76
МА20;ГОСТ 14957 - 76
Ма2-1;ГОСТ 14957 - 76
МА21;ГОСТ 14957 - 76
ИМВ2;ГОСТ 14957 - 76
МА2-1пч;ГОСТ 14957 - 76
МА2-2;Not found
МА5;ГОСТ 14957 - 76
МА8;ГОСТ 14957 - 76
МА8пч;ГОСТ 14957 - 76
МА8Ц;ГОСТ 2581 - 78
МА8ЦБч;ГОСТ 2581 - 78
МА8Цч;ГОСТ 2581 - 78
МА8Цэ;ГОСТ 2581 - 78
МБ-1;ГОСТ 23912 - 79
Мг80;ГОСТ 804 - 93
Мг90;ГОСТ 804 - 93
Мг95;ГОСТ 804 - 93
Мг96;ГОСТ 804-72
Мг98;ГОСТ 804 - 93
МК;Not found
МК(молибден);ГОСТ 27266 - 87
МКБ;Not found
МЛ10;ГОСТ 2856 - 79
МЛ11;ГОСТ 2856 - 79
МЛ12;ГОСТ 2856 - 79
МЛ15;ГОСТ 2856 - 79
МЛ16;Not found
МЛ16вч;Not found
МЛ16пч;Not found
МЛ19;ГОСТ 2856 - 79
МЛ2;ГОСТ 2856-68
МЛ3;ГОСТ 2856 - 79
МЛ4;ГОСТ 2856 - 79
МЛ4вч;Not found
МЛ4пч;ГОСТ 2856 - 79
МЛ5;ГОСТ 2856 - 79
МЛ5он;ГОСТ 2856 - 79
МЛ5пч;ГОСТ 2856 - 79
МЛ6;ГОСТ 2856 - 79
МЛ8;ГОСТ 2856 - 79
МЛ9;ГОСТ 2856 - 79
ММ;ГОСТ 4784 - 97
1403;ГОСТ 4784 - 97
ММ2;ГОСТ 2581 - 78
ММ2ч;ГОСТ 2581 - 78
М-МП;ГОСТ 17431 - 72
МН0.6;ГОСТ 492 - 2006
СплавТП;ГОСТ 492 - 2006
МН10;ТУ 48-21-851
МН-10;ТУ 48-21-851
МН16;ГОСТ 492 - 2006
СплавТБ;ГОСТ 492 - 2006
МН19;ГОСТ 492 - 2006
МН25;ГОСТ 492 - 2006
Мн87Н6;ГОСТ 6008 - 90
Мн89Н4;ГОСТ 6008 - 90
Мн91Н2;ГОСТ 6008 - 90
Мн92Н6;ГОСТ 6008 - 90
Мн95;ГОСТ 6008 - 90
МН95-5;ГОСТ 492 - 2006
Мн965;ГОСТ 6008 - 90
Мн997;ГОСТ 6008 - 90
Мн998;ГОСТ 6008 - 90
МНА13-3;ГОСТ 492 - 2006
КуниальА;ГОСТ 492 - 2006
МНА6-1.5;ГОСТ 492 - 2006
КуниальБ;ГОСТ 492 - 2006
МНЖ5-1;ГОСТ 492 - 2006
МНЖКТ5-1-0.2-0.2;ГОСТ 492 - 2006
МНЖМц10-1-1;ГОСТ 492 - 2006
МНЖМц30-1-1;ГОСТ 492 - 2006
МНМц3-12;ГОСТ 492 - 2006
МНМц40-1.5;ГОСТ 492 - 2006
Константан;ГОСТ 492 - 2006
МНМц43-0.5;ГОСТ 492 - 2006
Копель;ГОСТ 492 - 2006
МНМцАЖ3-12-0.3-0.3;ГОСТ 492 - 2006
МнС12(А);ГОСТ 4756 - 91
МнС12(Б);ГОСТ 4756 - 91
МнС17(А);ГОСТ 4756 - 91
МнС17(Б);ГОСТ 4756 - 91
МнС22(А);ГОСТ 4756 - 91
МнС22(Б);ГОСТ 4756 - 91
МнС25(А);ГОСТ 4756 - 91
МнС25(Б);ГОСТ 4756 - 91
МНЦ12-24;ГОСТ 492 - 2006
МНЦ15-20;ГОСТ 492 - 2006
МНЦ18-20;ГОСТ 492 - 2006
МНЦ18-27;ГОСТ 492 - 2006
МНЦС16-29-1.8;ГОСТ 492 - 2006
МРН;ГОСТ 27266 - 87
МСр1;ГОСТ 16130 - 90
МФ10;ГОСТ 4515 - 93
МФ9;ГОСТ 4515 - 93
МЦИ;Not found
МЦр1Н3;ГОСТ 2581 - 78
МЧ;ГОСТ 25442 - 82
Н-0;ГОСТ 849 - 2008
Н-1;ГОСТ 849 - 2008
Н12К12М10ТЮ;Not found
Н12К12М7В7;Not found
Н12К15М10;Not found
Н12К16М12;Not found
Н12К8М3Г2;Not found
Н12К8М4Г2;Not found
Н13К15М10;Not found
Н13К16М10;Not found
Н15К9М5ТЮ;Not found
Н16К11М3Т2;Not found
Н16К15В9М2;Not found
Н16К4М5Т2Ю;Not found
Н17К10М2В10Т;Not found
Н17К11М4Т2Ю;Not found
Н17К12М5Т;Not found
Н18К12М3Т2;Not found
Н18К12М4Т2;Not found
Н18К14М5Т;Not found
Н18К3М4Т;Not found
Н18К4М7ТС;Not found
Н18К7М5Т;Not found
Н18К8М3Т;Not found
Н18К8М5Т;Not found
Н18К9М5Т;Not found
Н18Ф6М3;Not found
Н18Ф6М6;Not found
Н-1Ау;ГОСТ 849 - 2008
Н-1у;ГОСТ 849 - 2008
Н-2;ГОСТ 849 - 2008
Н-3;ГОСТ 849 - 2008
Н-4;ГОСТ 849 - 2008
Н50;ГОСТ 5876 - 82
Н50К10;ГОСТ 10994 - 74
Н70МФ;ГОСТ 5632-72
Н70МФВ;ГОСТ 5632 - 72
ЭП814А;ГОСТ 5632 - 72
Н80ХЮД-ВИ;ГОСТ 10994 - 74
Н8К18М14;Not found
Нб1;ГОСТ 16099 - 80
Нб10В2МЦ;ГОСТ 26468 - 85
10ВМЦ;ГОСТ 26468 - 85
Нб10В5МЦУ;ГОСТ 26468 - 85
10В5МЦУ-1;ГОСТ 26468 - 85
ЛН-1;ГОСТ 26468 - 85
Нб5В2МЦ;ГОСТ 26468 - 85
5В2МЦ-1;ГОСТ 26468 - 85
5ВМЦ-1;ГОСТ 26468 - 85
5В2МЦ-2;ГОСТ 26468 - 85
5ВМЦ-2;ГОСТ 26468 - 85
НбП;ГОСТ 26252 - 84
НбП-а;ГОСТ 26252 - 84
НбП-б;ГОСТ 26252 - 84
НбЦ;ГОСТ 26468 - 85
НЦ-1;ГОСТ 26468 - 85
НЦ-2;ГОСТ 26468 - 85
СБ-1;ГОСТ 26468 - 85
НЦ-2-1;ГОСТ 26468 - 85
СБ-1-1;ГОСТ 26468 - 85
НбЦУ;ГОСТ 26468 - 85
НЦУ;ГОСТ 26468 - 85
СБ-У;ГОСТ 26468 - 85
НбШ0;ГОСТ 16100 - 79
НбШ00;ГОСТ 16100 - 79
НбШ1;ГОСТ 16100 - 79
НВ3;ГОСТ 19241 - 80
НВ3в;ГОСТ 19241 - 80
НВМг3-0.05в;ГОСТ 19241 - 80
НВМг3-0.08в;ГОСТ 19241 - 80
НК0.04;ГОСТ 19241 - 80
НК0.2;ГОСТ 492 - 2006
НК0.2Э;ГОСТ 19241 - 80
НКа0.07;ГОСТ 19241 - 80
НКа0.13;ГОСТ 19241 - 80
НКМ;ТУ 48-21-256
НМг;ГОСТ 19241 - 80
НМг0.05в;ГОСТ 19241 - 80
НМг0.08в;ГОСТ 19241 - 80
НМг0.1;ГОСТ 19241 - 80
НМЖМц28-2.5-1.5;ГОСТ 492 - 2006
Монель;ГОСТ 492 - 2006
НМц1;ГОСТ 492 - 2006
НМц2;ГОСТ 492 - 2006
НМц2.5;ГОСТ 492 - 2006
НМц5;ГОСТ 492 - 2006
НМцАК2-2-1;ГОСТ 492 - 2006
Алюмель;ГОСТ 492 - 2006
НП0Эви;ГОСТ 19241 - 80
НП1;ГОСТ 492 - 2006
НП1Эв;ГОСТ 19241 - 80
НП2;ГОСТ 492 - 2006
НП2Э;ГОСТ 19241 - 80
НП3;ГОСТ 492 - 2006
НП4;ГОСТ 492 - 2006
НПА1;ГОСТ 492 - 2006
НПА2;ГОСТ 492 - 2006
НПАН;ГОСТ 492 - 2006
НХ9;ГОСТ 492 - 2006
ХромельК;ГОСТ 492 - 2006
НХ9.5;ГОСТ 492 - 2006
ХромельТ;ГОСТ 492 - 2006
НХК;ТУ 48-21-41
НХМ9;ГОСТ 492 - 2006
ХромельКМ;ГОСТ 492 - 2006
НХМ9.5;ГОСТ 492 - 2006
ХромельТМ;ГОСТ 492 - 2006
О1;ГОСТ 860 - 75
О1пч;ГОСТ 860 - 75
О2;ГОСТ 860 - 75
О3;ГОСТ 860 - 75
О4;ГОСТ 860 - 75
ОВЧ000;ГОСТ 860 - 75
ОС;ГОСТ 4728 - 96
ОсА-0;ГОСТ 12339 - 79
ОсА-1;ГОСТ 12339 - 79
ОсА-2;ГОСТ 12339 - 79
ОсВ;ГОСТ 4728-79
ОТ4;ГОСТ 19807 - 91
ОТ4-0;ГОСТ 19807 - 91
ОТ4-1;ГОСТ 19807 - 91
ОТ4-1св;ГОСТ 27265 - 87
ОТ4св;ГОСТ 27265 - 87
П1;ГОСТ 805 - 95
П2;ГОСТ 805 - 95
ПА-БрО;ГОСТ 26719 - 85
ПА-БрОГр;ГОСТ 26719 - 85
ПА-БрОГр2;ГОСТ 26719 - 85
ПА-БрОГр4;ГОСТ 26719 - 85
ПА-БрОЖГр;ГОСТ 26719 - 85
Бр72Ж2008Гр0.5-65;ГОСТ 26719 - 85
Бр72Ж2008Гр0.5-69;ГОСТ 26719 - 85
ПА-БрОХ;ГОСТ 26719 - 85
БрОХ5-10;ГОСТ 26719 - 85
ПА-БрОХН;ГОСТ 26719 - 85
БрОХН5-10-7;ГОСТ 26719 - 85
ПА-ДГр10;ГОСТ 26719 - 85
МГ-10;ГОСТ 26719 - 85
ДГр-10;ГОСТ 26719 - 85
ПА-Ж;ГОСТ 26802 - 86
Жпор;ГОСТ 26802 - 86
ЖГр0.5;ГОСТ 26802 - 86
Ж-6.0;ГОСТ 26802 - 86
ПА-ЖГр;ГОСТ 26802 - 86
ЖГр1;ГОСТ 26802 - 86
ЖГр1.2;ГОСТ 26802 - 86
ЖГр1.5;ГОСТ 26802 - 86
ПА-ЖГр2;ГОСТ 26802 - 86
ЖГр2;ГОСТ 26802 - 86
ЖГр2-20;ГОСТ 26802 - 86
Ж50-58;ГОСТ 26802 - 86
ПА-ЖГр2Д;ГОСТ 26802 - 86
ЖГр2Д2.5;ГОСТ 26802 - 86
ЖГр3Д3;ГОСТ 26802 - 86
ЖГр3Д3-5.5;ГОСТ 26802 - 86
ПА-ЖГр2К;ГОСТ 26802 - 86
ЖГр3К0.8;ГОСТ 26802 - 86
ЖГр3К1;ГОСТ 26802 - 86
ЖГр2К1;ГОСТ 26802 - 86
ПА-ЖГр3;ГОСТ 26802 - 86
ЖГр3-20;ГОСТ 26802 - 86
ЖГр3-5.5;ГОСТ 26802 - 86
ЖГр3;ГОСТ 26802 - 86
ПА-ЖГр3М;ГОСТ 26802 - 86
ЖГр3М15;ГОСТ 26802 - 86
ПА-ЖГр3Цс;ГОСТ 26802 - 86
ЖГрЦс4У;ГОСТ 26802 - 86
ЖГр3Цс4;ГОСТ 26802 - 86
ПА-ЖГрД;ГОСТ 26802 - 86
ЖГр0.5Д2.5;ГОСТ 26802 - 86
ЖГр0.8Д3;ГОСТ 26802 - 86
Ж40Д3-58;ГОСТ 26802 - 86
ПА-ЖГрД5;ГОСТ 26802 - 86
ЖГр1.5Д10;ГОСТ 26802 - 86
МЖГ1;ГОСТ 26802 - 86
ЖГр1.5Д5;ГОСТ 26802 - 86
ПА-ЖГрДК;ГОСТ 26802 - 86
ЖГр1Д2.5К0.4;ГОСТ 26802 - 86
ЖГр1.5Д2.5К0.4;ГОСТ 26802 - 86
ЖГр1.2Д2.5К0.4;ГОСТ 26802 - 86
ПА-ЖГрДК1;ГОСТ 26802 - 86
ЖГр0.5Д3К0.8;ГОСТ 26802 - 86
ЖГр1Д2.5К;ГОСТ 26802 - 86
ЖГр1.2Д2.5К0.8;ГОСТ 26802 - 86
ПА-ЖГрДК6;ГОСТ 26802 - 86
ЖГр1.5Д3;ГОСТ 26802 - 86
ПА-ЖГрДМс;ГОСТ 26802 - 86
ПА-ЖГрДФК;ГОСТ 26802 - 86
ЖГр0.6Д2.8К0.3Ф0.3;ГОСТ 26802 - 86
ПА-ЖГрДФМс;ГОСТ 26802 - 86
ПА-ЖГрК;ГОСТ 26802 - 86
ЖГр1К0.8;ГОСТ 26802 - 86
ЖГр1К1;ГОСТ 26802 - 86
Ж30К1-58;ГОСТ 26802 - 86
ПА-ЖГрЛ;ГОСТ 26802 - 86
ЖГр1.5Л;ГОСТ 26802 - 86
Ж40Л-69;ГОСТ 26802 - 86
ПА-ЖГрФ1К;ГОСТ 26802 - 86
ЖФ1К1Гр0.8;ГОСТ 26802 - 86
ПА-ЖГрФК;ГОСТ 26802 - 86
ЖФ0.5К1Гр0.8;ГОСТ 26802 - 86
ПА-ЖГрЦс;ГОСТ 26802 - 86
ЖГр(1.0-1.5Цс4;ГОСТ 26802 - 86
ПА-ЖГрЦсОК;ГОСТ 26802 - 86
ЖГр1.5Цс401К1;ГОСТ 26802 - 86
ПА-ЖД;ГОСТ 26802 - 86
ЖД2.5;ГОСТ 26802 - 86
ЖД3;ГОСТ 26802 - 86
ЖД3.5;ГОСТ 26802 - 86
ПА-ЖД5;ГОСТ 26802 - 86
ЖД5;ГОСТ 26802 - 86
ЖД10;ГОСТ 26802 - 86
ЖГр0.25Д5;ГОСТ 26802 - 86
ПА-ЖДК;ГОСТ 26802 - 86
ЖД3К0.3;ГОСТ 26802 - 86
ЖДК0.27;ГОСТ 26802 - 86
ПА-ЖК;ГОСТ 26802 - 86
ЖК0.3;ГОСТ 26802 - 86
ЖК0.4;ГОСТ 26802 - 86
ПА-ЖНГр10Цс;ГОСТ 26802 - 86
МГ30ЖН1К;ГОСТ 26802 - 86
ПА-ЖНГр3М;ГОСТ 26802 - 86
ЖНГр3М15;ГОСТ 26802 - 86
ПА-ЖФ1К;ГОСТ 26802 - 86
ЖФ1К1;ГОСТ 26802 - 86
ПА-ЖФК;ГОСТ 26802 - 86
ЖФ0.5К1;ГОСТ 26802 - 86
ПА-ЖФКМ;ГОСТ 26802 - 86
ЖФ1К1М2.5;ГОСТ 26802 - 86
ПА-ЖХ18Н15КБ;ГОСТ 26802 - 86
Х18Н15КБ;ГОСТ 26802 - 86
ПА-ЖХ20КБ;ГОСТ 26802 - 86
Х20КБ;ГОСТ 26802 - 86
ПВК1;ГОСТ 805 - 95
ПВК2;ГОСТ 805 - 95
ПВК3;ГОСТ 805 - 95
Пд99.8;ГОСТ 13462 - 79
Пд99.9;ГОСТ 13462 - 79
ПдА-0;ГОСТ 31291 - 2005
ПдА-1;ГОСТ 31291 - 2005
ПдА-2;ГОСТ 31291 - 2005
ПдАП-0;ГОСТ 31291 - 2005
ПдАП-1;ГОСТ 31291 - 2005
ПдАП-2;ГОСТ 31291 - 2005
ПдВ-20;ГОСТ 26469 - 85
ПдИ-10;ГОСТ 13462 - 79
ПдИ-18;ГОСТ 13462 - 79
ПдМ850;ГОСТ 30649 - 99
ПдСр-20;ГОСТ 13462 - 79
ПдСр-30;ГОСТ 13462 - 79
ПдСр-40;ГОСТ 13462 - 79
ПдСрК-35-5;ГОСТ 13462 - 79
ПдСрМ-36-4;ГОСТ 13462 - 79
ПдСрН500-450;ГОСТ 30649 - 99
ПдСрН850-130;ГОСТ 30649 - 99
ПЖВ1;ГОСТ 9849 - 86
ПЖВ2;ГОСТ 9849 - 86
ПЖВ3;ГОСТ 9849 - 86
ПЖВ4;ГОСТ 9849 - 86
ПЖВ5;ГОСТ 9849 - 86
ПЖР2;ГОСТ 9849 - 86
ПЖР3;ГОСТ 9849 - 86
ПЖР5;ГОСТ 9849 - 86
ПК10;ГОСТ 28378 - 89
ПК10-6.0;ГОСТ 28378 - 89
ПК10-6.4;ГОСТ 28378 - 89
ПК10-6.8;ГОСТ 28378 - 89
ПК10-7.2;ГОСТ 28378 - 89
ПК10-7.6;ГОСТ 28378 - 89
ПК10Д2Ф;ГОСТ 28378 - 89
ПК10Д2Ф-6.0;ГОСТ 28378 - 89
ПК10Д3;ГОСТ 28378 - 89
ПК10Д3-6.0;ГОСТ 28378 - 89
ПК10Д3-6.4;ГОСТ 28378 - 89
ПК10Д3-6.8;ГОСТ 28378 - 89
ПК10Д3-7.4;ГОСТ 28378 - 89
ПК10Д3К;ГОСТ 28378 - 89
ПК10Д3К-6.0;ГОСТ 28378 - 89
ПК10Д3К-6.4;ГОСТ 28378 - 89
ПК10Д5;ГОСТ 28378 - 89
ПК10Д5-6.0;ГОСТ 28378 - 89
ПК10Д5-6.4;ГОСТ 28378 - 89
ПК10Д5-6.8;ГОСТ 28378 - 89
ПК10Д5-7.4;ГОСТ 28378 - 89
ПК10Н2Д2;ГОСТ 28378 - 89
ПК10Н2Д2-6.4;ГОСТ 28378 - 89
ПК10Н2Д2-6.8;ГОСТ 28378 - 89
ПК10Н2Д2-7.2;ГОСТ 28378 - 89
ПК10Н2Д2-7.6;ГОСТ 28378 - 89
ПК10Н2Д6М;ГОСТ 28378 - 89
ПК10Н2Д6М-7.4;ГОСТ 28378 - 89
ПК10Н2М;ГОСТ 28378 - 89
ПК10Н2М-6.8;ГОСТ 28378 - 89
ПК10Н2М-7.2;ГОСТ 28378 - 89
ПК10Н2М-7.6;ГОСТ 28378 - 89
ПК10Н4Д4;ГОСТ 28378 - 89
ПК10Н4Д4-6.4;ГОСТ 28378 - 89
ПК10Н4Д4-6.8;ГОСТ 28378 - 89
ПК10Ф;ГОСТ 28378 - 89
ПК10Ф-6.8;ГОСТ 28378 - 89
ПК10Х13М2;ГОСТ 28378 - 89
ПК10Х13М2-7.4;ГОСТ 28378 - 89
ПК10Х17Н2;ГОСТ 28378 - 89
ПК10Х17Н2-6.8;ГОСТ 28378 - 89
ПК10Х17Н2-7.4;ГОСТ 28378 - 89
ПК10Х18Н15;ГОСТ 28378 - 89
ПК10Х18Н15-6.4;ГОСТ 28378 - 89
ПК10Х18Н15-6.8;ГОСТ 28378 - 89
ПК10Х18Н15-7.2;ГОСТ 28378 - 89
ПК10Х18Н15-7.6;ГОСТ 28378 - 89
ПК10Х18Н9Т;ГОСТ 28378 - 89
ПК10Х18Н9Т-6.4;ГОСТ 28378 - 89
ПК10Х18Н9Т-6.8;ГОСТ 28378 - 89
ПК10Х18Н9Т-7.2;ГОСТ 28378 - 89
ПК10Х18Н9Т-7.6;ГОСТ 28378 - 89
ПК10Х25;ГОСТ 28378 - 89
ПК10Х25-7.4;ГОСТ 28378 - 89
ПК-1у;ГОСТ 9721 - 79
ПК20Х13;ГОСТ 28378 - 89
ПК20Х13-6.4;ГОСТ 28378 - 89
ПК20Х13-6.8;ГОСТ 28378 - 89
ПК20Х13-7.4;ГОСТ 28378 - 89
ПК40;ГОСТ 28378 - 89
ПК40-6.0;ГОСТ 28378 - 89
ПК40-6.4;ГОСТ 28378 - 89
ПК40-6.8;ГОСТ 28378 - 89
ПК40-7.2;ГОСТ 28378 - 89
ПК40-7.6;ГОСТ 28378 - 89
ПК40Г2;ГОСТ 28378 - 89
ПК40Г2-7.4;ГОСТ 28378 - 89
ПК40Д3;ГОСТ 28378 - 89
ПК40Д3-6.0;ГОСТ 28378 - 89
ПК40Д3-6.4;ГОСТ 28378 - 89
ПК40Д3К;ГОСТ 28378 - 89
ПК40Д3К-6.0;ГОСТ 28378 - 89
ПК40Д3К-6.4;ГОСТ 28378 - 89
ПК40Д3КФ;ГОСТ 28378 - 89
ПК40Д3КФ-6.0;ГОСТ 28378 - 89
ПК40Д3КФ-6.4;ГОСТ 28378 - 89
ПК40Н2Д2;ГОСТ 28378 - 89
ПК40Н2Д2-6.4;ГОСТ 28378 - 89
ПК40Н2Д2-6.8;ГОСТ 28378 - 89
ПК40Н2Д2-7.4;ГОСТ 28378 - 89
ПК40Н2Д2М;ГОСТ 28378 - 89
ПК40Н2Д2М-6.8;ГОСТ 28378 - 89
ПК40Н2Д2М-7.4;ГОСТ 28378 - 89
ПК40Н2М;ГОСТ 28378 - 89
ПК40Н2М-6.4;ГОСТ 28378 - 89
ПК40Н2М-6.8;ГОСТ 28378 - 89
ПК40Н2М-7.2;ГОСТ 28378 - 89
ПК40Н2М-7.6;ГОСТ 28378 - 89
ПК40Н3Д2Х;ГОСТ 28378 - 89
ПК40Н3Д2Х-6.4;ГОСТ 28378 - 89
ПК40Н3Д2Х-6.8;ГОСТ 28378 - 89
ПК40Н4Д2М;ГОСТ 28378 - 89
ПК40Н4Д2М-6.8;ГОСТ 28378 - 89
ПК40Н4Д2М-7.4;ГОСТ 28378 - 89
ПК40НМ;ГОСТ 28378 - 89
ПК40НМ-6.8;ГОСТ 28378 - 89
ПК40НМ-7.2;ГОСТ 28378 - 89
ПК40НМ-7.6;ГОСТ 28378 - 89
ПК40Х13М2;ГОСТ 28378 - 89
ПК40Х13М2-7.4;ГОСТ 28378 - 89
ПК40Х2;ГОСТ 28378 - 89
ПК40Х2-6.4;ГОСТ 28378 - 89
ПК40Х2-6.8;ГОСТ 28378 - 89
ПК40Х2-7.4;ГОСТ 28378 - 89
ПК40ХН2Г;ГОСТ 28378 - 89
ПК40ХН2Г-6.4;ГОСТ 28378 - 89
ПК40ХН2Г-6.8;ГОСТ 28378 - 89
ПК40ХН2Г-7.4;ГОСТ 28378 - 89
ПК70;ГОСТ 28378 - 89
ПК70-6.0;ГОСТ 28378 - 89
ПК70-6.4;ГОСТ 28378 - 89
ПК70-6.8;ГОСТ 28378 - 89
ПК70-7.4;ГОСТ 28378 - 89
ПК70Д3;ГОСТ 28378 - 89
ПК70Д3-6.0;ГОСТ 28378 - 89
ПК70Д3-6.4;ГОСТ 28378 - 89
ПК70Д3-6.8;ГОСТ 28378 - 89
ПК70Д3-7.4;ГОСТ 28378 - 89
ПК70Н2Д2;ГОСТ 28378 - 89
ПК70Н2Д2-6.4;ГОСТ 28378 - 89
ПК70Н2Д2-6.8;ГОСТ 28378 - 89
ПК70Н2Д2-7.4;ГОСТ 28378 - 89
ПК70Х3;ГОСТ 28378 - 89
ПК70Х3-6.4;ГОСТ 28378 - 89
ПК70Х3-6.8;ГОСТ 28378 - 89
ПКГ13;ГОСТ 28378 - 89
ПКГ13-7.4;ГОСТ 28378 - 89
ПКХ6;ГОСТ 28378 - 89
ПКХ6-7.4;ГОСТ 28378 - 89
ПЛ1;ГОСТ 805 - 95
ПЛ2;ГОСТ 805 - 95
Пл99.8;ГОСТ 13498 - 2010
Пл99.9;ГОСТ 13498 - 2010
Пл99.93;ГОСТ 13498 - 2010
Пл990;ГОСТ 30649 - 99
ПлА-0;ГОСТ 31290 - 2005
Пл999.8;ГОСТ 31290 - 2005
ПлА-00;ГОСТ 31290 - 2005
ПлАП-00;ГОСТ 31290 - 2005
ПлА-1;ГОСТ 31290 - 2005
ПлАП-1;ГОСТ 31290 - 2005
Пл999.5;ГОСТ 31290 - 2005
ПлА-2;ГОСТ 31290 - 2005
ПлАП-2;ГОСТ 31290 - 2005
ПлАП-0;ГОСТ 31290 - 2005
ПлВ950;ГОСТ 30649 - 99
ПлИ70-30;ГОСТ 13498 - 2010
ПлИ-30;ГОСТ 13498 - 2010
ПлИ75-25;ГОСТ 13498 - 2010
ПлИ-25;ГОСТ 13498 - 2010
ПлИ80-20;ГОСТ 13498 - 2010
ПлИ-20;ГОСТ 13498 - 2010
ПлИ82.5-17.5;ГОСТ 13498 - 2010
ПлИ-17.5;ГОСТ 13498 - 2010
ПлИ850-150;ГОСТ 30649 - 99
ПлИ85-15;ГОСТ 13498 - 2010
ПлИ-15;ГОСТ 13498 - 2010
ПлИ900-100;ГОСТ 30649 - 99
ПлИ90-10;ГОСТ 13498 - 2010
ПлИ-10;ГОСТ 13498 - 2010
ПлИ950-50;ГОСТ 30649 - 99
ПлИ95-5;ГОСТ 13498 - 2010
ПлИ-5;ГОСТ 13498 - 2010
ПлМ850;ГОСТ 30649 - 99
ПлМ900;ГОСТ 30649 - 99
ПлМ91.5;ГОСТ 13498 - 2010
ПлМ-8.5;ГОСТ 13498 - 2010
ПлМ950;ГОСТ 30649 - 99
ПлМ97.5;ГОСТ 13498 - 2010
ПлМ-2.5;ГОСТ 13498 - 2010
ПлН95.5;ГОСТ 13498 - 2010
ПлН-4.5;ГОСТ 13498 - 2010
ПлПд80-20;ГОСТ 13498 - 2010
ПлПд-20;ГОСТ 13498 - 2010
ПлПд850-150;ГОСТ 30649 - 99
ПлПд85-15;ГОСТ 13498 - 2010
ПлПд-15;ГОСТ 13498 - 2010
ПлПд900-100;ГОСТ 30649 - 99
ПлПд90-10;ГОСТ 13498 - 2010
ПлПд-10;ГОСТ 13498 - 2010
ПлПд950-50;ГОСТ 30649 - 99
ПлПдГа850-140;ГОСТ 30649 - 99
ПлПдКр850-120;ГОСТ 30649 - 99
ПлПдКр900-70;ГОСТ 30649 - 99
ПлПдКр950-30;ГОСТ 30649 - 99
ПлПдРд92.5-4-3.5;ГОСТ 13498 - 2010
ПлПдРд-4-3.5;ГОСТ 13498 - 2010
ПлПдРдРУ81-15-3.5-0.5;ГОСТ 13498 - 2010
ПлПдРдРУ-15-3.5-0.5;ГОСТ 13498 - 2010
ПлПдРе900-80;ГОСТ 30649 - 99
ПлПдРе950-25;ГОСТ 30649 - 99
ПлРд60-40;ГОСТ 13498 - 2010
ПлРд-40;ГОСТ 13498 - 2010
ПлРд70-30;ГОСТ 13498 - 2010
ПлРд-30;ГОСТ 13498 - 2010
ПлРд80-20;ГОСТ 13498 - 2010
ПлРд-20;ГОСТ 13498 - 2010
ПлРд850-150;ГОСТ 30649 - 99
ПлРд900-100;ГОСТ 30649 - 99
ПлРд90-10;ГОСТ 13498 - 2010
ПлРд-10;ГОСТ 13498 - 2010
ПлРд92.5-7.5;ГОСТ 13498 - 2010
ПлРд-7.5;ГОСТ 13498 - 2010
ПлРд93-7;ГОСТ 13498 - 2010
ПлРд-7;ГОСТ 13498 - 2010
ПлРд950-50;ГОСТ 30649 - 99
ПлРд95-5;ГОСТ 13498 - 2010
ПлРд-5;ГОСТ 13498 - 2010
ПлРд98-2;ГОСТ 13498 - 2010
ПлРу90-10;ГОСТ 13498 - 2010
ПлРу-10;ГОСТ 13498 - 2010
ПлРу92-8;ГОСТ 13498 - 2010
ПлРу-8;ГОСТ 13498 - 2010
ПМС-1;ГОСТ 4960 - 2009
ПМС-11;ГОСТ 4960 - 2009
ПМС-А;ГОСТ 4960 - 2009
ПМС-В;ГОСТ 4960 - 2009
ПМС-К;ГОСТ 4960 - 2009
ПМС-Н;ГОСТ 4960 - 2009
ПМФОЦр6-4-0.03;ГОСТ Р 52955 - 2008
ПМЦ36;ГОСТ 23137 - 78
ПМЦ48;ГОСТ 23137 - 78
ПМЦ54;ГОСТ 23137 - 78
ПНК-0Т1;ГОСТ 9722 - 97
ПНК-ОТ1;ГОСТ 9722 - 97
ПНК-0Т2;ГОСТ 9722 - 97
ПНК-ОТ2;ГОСТ 9722 - 97
ПНК-0Т3;ГОСТ 9722 - 97
ПНК-ОТ3;ГОСТ 9722 - 97
ПНК-0Т4;ГОСТ 9722 - 97
ПНК-ОТ4;ГОСТ 9722 - 97
ПНК-1Л5;ГОСТ 9722 - 97
ПНК-1Л6;ГОСТ 9722 - 97
ПНК-1Л7;ГОСТ 9722 - 97
ПНК-1Л8;ГОСТ 9722 - 97
ПНК-2К10;ГОСТ 9722 - 97
ПНК-2К9;ГОСТ 9722 - 97
ПНК-УТ1;ГОСТ 9722 - 97
ПНК-УТ2;ГОСТ 9722 - 97
ПНК-УТ3;ГОСТ 9722 - 97
ПНК-УТ4;ГОСТ 9722 - 97
ПНЭ-1;ГОСТ 9722 - 97
ПНЭ-2;ГОСТ 9722 - 97
ПО1;ГОСТ 9723 - 73
ПО2;ГОСТ 9723 - 73
ПО3;ГОСТ 9723 - 73
ПО4;ГОСТ 9723 - 73
ПОМ2;ГОСТ Р 52955 - 2008
ПОС10;ГОСТ 21930 - 76
ПОС30;ГОСТ 21930 - 76
ПОС40;ГОСТ 21930 - 76
ПОС61;ГОСТ 21930 - 76
ПОС61М;ГОСТ 21930 - 76
ПОС63;ГОСТ 21930 - 76
ПОС90;ГОСТ 21930 - 76
ПОСК2-18;ГОСТ 21930 - 76
ПОСК50-18;ГОСТ 21930 - 76
ПОССу10-2;ГОСТ 21930 - 76
ПОССу15-2;ГОСТ 21930 - 76
ПОССу18-0.5;ГОСТ 21930 - 76
ПОССу18-2;ГОСТ 21930 - 76
ПОССу25-0.5;ГОСТ 21930 - 76
ПОССу25-2;ГОСТ 21930 - 76
ПОССу30-0.5;ГОСТ 21930 - 76
ПОССу30-2;ГОСТ 21930 - 76
ПОССу35-0.5;ГОСТ 21930 - 76
ПОССу35-2;ГОСТ 21930 - 76
ПОССу40-0.5;ГОСТ 21930 - 76
ПОССу40-2;ГОСТ 21930 - 76
ПОССу4-4;ГОСТ 21930 - 76
ПОССу4-6;ГОСТ 21930 - 76
ПОССу50-0.5;ГОСТ 21930 - 76
ПОССу5-1;ГОСТ 21930 - 76
ПОССу61-0.5;ГОСТ 21930 - 76
ПОССу8-3;ГОСТ 21930 - 76
ПОССу95-5;ГОСТ 21930 - 76
ПОЭ;ГОСТ 9723 - 73
ПР0Х18Н10;ГОСТ 14086 - 68
ПР-10;ГОСТ 10821 - 2007
ПР-13;ГОСТ 10821 - 2007
ПР-30;ГОСТ 10821 - 2007
ПР-6;ГОСТ 10821 - 2007
ПРН;ГОСТ 14086 - 68
ПРХ18Н9;ГОСТ 14086 - 68
ПСр1;ГОСТ 19738 - 2015
ПСр1.5;ГОСТ 19738 - 2015
ПСр10;ГОСТ 19738 - 2015
ПСр12М;ГОСТ 19738 - 2015
ПСр15;ГОСТ 19738 - 2015
ПСр2;ГОСТ 19738 - 2015
ПСр2.5;ГОСТ 19738 - 2015
ПСр2.5С;ГОСТ 19738 - 2015
ПСр25;ГОСТ 19738 - 2015
ПСр25Ф;ГОСТ 19738 - 2015
ПСр3;ГОСТ 19738 - 2015
ПСр37.5;ГОСТ 19738 - 2015
ПСр3Кд;ГОСТ 19738 - 2015
ПСр40;ГОСТ 19738 - 2015
ПСр45;ГОСТ 19738 - 2015
ПСр50;ГОСТ 19738 - 2015
ПСр50Кд;ГОСТ 19738 - 2015
ПСр62;ГОСТ 19738 - 2015
ПСр65;ГОСТ 19738 - 2015
ПСр70;ГОСТ 19738 - 2015
ПСр71;ГОСТ 19738 - 2015
ПСр72;ГОСТ 19738 - 2015
ПСрКдМ50-34-16;ГОСТ 19738 - 2015
ПСрМО5;ГОСТ 19738 - 2015
ВПр-9;ГОСТ 19738 - 2015
ПСрМО68-27-5;ГОСТ 19738 - 2015
ПСрМЦКд45-15-16-24;ГОСТ 19738 - 2015
ПСрО10-90;ГОСТ 19738 - 2015
ПСрО3-97;ГОСТ 19738 - 2015
ПСрОС2-58;ГОСТ 19738 - 2015
ПСрОС3.5-95;ГОСТ 19738 - 2015
ПСрОС3-58;ГОСТ 19738 - 2015
ПСрОСу8;ГОСТ 19738 - 2015
ВПр-6;ГОСТ 19738 - 2015
ПТ-1М;ОСТ 1-92077-91
ПТ-3В;ГОСТ 19807 - 91
ПТ70;ГОСТ 5876 - 82
ПТ-7М;ГОСТ 19807 - 91
ПТ-7Мсв;ГОСТ 27265 - 87
ПФ1;ГОСТ 805 - 95
ПФ2;ГОСТ 805 - 95
ПФ3;ГОСТ 805 - 95
ПХ13М2;ГОСТ 13084 - 88
ПХ17Н2;ГОСТ 13084 - 88
ПХ18Н15;ГОСТ 13084 - 88
ПХ18Н9Т;ГОСТ 13084 - 88
ПХ20Н80;ГОСТ 13084 - 88
ПХ23Н18;ГОСТ 13084 - 88
ПХ30;ГОСТ 13084 - 88
ПХ40Н60;ГОСТ 13084 - 88
ПХН28МДТ;ГОСТ 13084 - 88
ПЦ1;ГОСТ 12601 - 76
ПЦ2;ГОСТ 12601 - 76
ПЦ3;ГОСТ 12601 - 76
ПЦ4;ГОСТ 12601 - 76
ПЦ6;ГОСТ 12601 - 76
ПЦ7;ГОСТ 12601 - 76
Р0;ГОСТ 4658 - 73
Р1;ГОСТ 4658 - 73
Р10Ф5К5;ГОСТ 19265-73
Р12;ГОСТ 19265 - 73
Р12М3К5Ф2-МП;ГОСТ 28393 - 89
ДИ103-МП;ГОСТ 28393 - 89
Р12МФ5-МП;ГОСТ 28393 - 89
ДИ70-МП;ГОСТ 28393 - 89
Р12Ф3;ГОСТ 19265 - 73
Р14Ф4;ГОСТ 19265-73
Р18;ГОСТ 19265 - 73
Р18К5Ф2;ГОСТ 19265 - 73
Р18Ф2;ГОСТ 19265-73
Р18Ф2К5;ГОСТ 19265-73
Р2;ГОСТ 4658 - 73
Р2АМ9К5;ГОСТ 19265 - 73
Р2М5;Not found
Р3;ГОСТ 4658 - 73
Р6АМ5;ГОСТ 19265 - 73
Р6АМ5Ф3;ГОСТ 19265 - 73
Р6М3;ГОСТ 19265-73
Р6М5;ГОСТ 19265 - 73
Р6М5К5;ГОСТ 19265 - 73
Р6М5К5-МП;ГОСТ 28393 - 89
ДИ101-МП;ГОСТ 28393 - 89
Р6М5Ф3;ГОСТ 19265 - 73
Р6М5Ф3-МП;ГОСТ 28393 - 89
ДИ99-МП;ГОСТ 28393 - 89
Р7М2Ф6-МП;ГОСТ 28393 - 89
ДИ100-МП;ГОСТ 28393 - 89
Р9;ГОСТ 19265-73
Р9К10;ГОСТ 19265-73
Р9К5;ГОСТ 19265 - 73
Р9М4К8;ГОСТ 19265 - 73
Р9М4К8-МП;ГОСТ 28393 - 89
ДИ102-МП;ГОСТ 28393 - 89
Р9Ф5;ГОСТ 19265-73
Рд99.8;ГОСТ 13098 - 2006
Рд99.9;ГОСТ 13098 - 2006
РдА-0;ГОСТ 12342 - 81
РдА-1;ГОСТ 12342 - 81
РдА-2;ГОСТ 12342 - 81
РС-1004;ГОСТ 22025 - 76
РС-1714;ГОСТ 22025 - 76
РС-3001;ГОСТ 22025 - 76
РС-3710;ГОСТ 22025 - 76
РС-4400;ГОСТ 22025 - 76
РС-4800;ГОСТ 22025 - 76
РС-5402;ГОСТ 22025 - 76
РС-5406;ГОСТ 22025 - 76
РуА-0;ГОСТ 12343 - 79
РуА-1;ГОСТ 12343 - 79
РуА-2;ГОСТ 12343 - 79
С0;ГОСТ 3778 - 98
С00;ГОСТ 22861 - 93
С000;ГОСТ 22861 - 93
С0000;ГОСТ 22861 - 93
С1;ГОСТ 3778 - 98
С1С;ГОСТ 3778 - 98
С2;ГОСТ 3778 - 98
С235;ГОСТ 27772 - 88
С245;ГОСТ 27772 - 88
С255;ГОСТ 27772 - 88
С275;ГОСТ 27772 - 88
С285;ГОСТ 27772 - 88
С2С;ГОСТ 3778 - 98
С3;ГОСТ 3778 - 98
С345;ГОСТ 27772 - 88
С345Д;ГОСТ 27772 - 88
С345К;ГОСТ 27772 - 88
С345Т;ГОСТ 27772 - 88
С375;ГОСТ 27772 - 88
С375Д;ГОСТ 27772 - 88
С375Т;ГОСТ 27772 - 88
С390;ГОСТ 27772 - 88
С390Д;ГОСТ 27772 - 88
С390К;ГОСТ 27772 - 88
С390Т;ГОСТ 27772 - 88
С3С;ГОСТ 3778 - 98
С440;ГОСТ 27772 - 88
С440Д;ГОСТ 27772 - 88
С590;ГОСТ 27772 - 88
С590К;ГОСТ 27772 - 88
С590КШ;ГОСТ 27772 - 88
Св-01Х19Н9;ГОСТ 2246 - 70
Св-01Х23Н28М3Д3Т;ГОСТ 2246 - 70
ЭП-516;ГОСТ 2246 - 70
Св-04Х19Н11М3;ГОСТ 2246 - 70
Св-04Х19Н9;ГОСТ 2246 - 70
Св-04Х19Н9С2;ГОСТ 2246 - 70
Св-04Х2МА;ГОСТ 2246 - 70
Св-05Х19Н9Ф3С2;ГОСТ 2246 - 70
Св-05Х20Н9ФБС;ГОСТ 2246 - 70
ЭИ-649;ГОСТ 2246 - 70
Св-06Н3;ГОСТ 2246 - 70
Св-06Х14;ГОСТ 2246 - 70
Св-06Х15Н60М15;ГОСТ 2246 - 70
ЭП-367;ГОСТ 2246 - 70
Св-06Х19Н10М3Т;ГОСТ 2246 - 70
Св-06Х19Н9Т;ГОСТ 2246 - 70
Св-06Х20Н11М3ТБ;ГОСТ 2246 - 70
ЭП-89;ГОСТ 2246 - 70
Св-06Х25Н12ТЮ;ГОСТ 2246 - 70
ЭП-87;ГОСТ 2246 - 70
Св-07Х18Н9ТЮ;ГОСТ 2246 - 70
Св-07Х19Н10Б;ГОСТ 2246 - 70
Св-07Х25Н12Г2Т;ГОСТ 2246 - 70
ЭП-75;ГОСТ 2246 - 70
Св-07Х25Н13;ГОСТ 2246 - 70
Св-08;ГОСТ 2246 - 70
Св-08А;ГОСТ 2246 - 70
Св-08АА;ГОСТ 2246 - 70
Св-08Г2С;ГОСТ 2246 - 70
Св-08ГА;ГОСТ 2246 - 70
Св-08ГС;ГОСТ 2246 - 70
Св-08ГСМТ;ГОСТ 2246 - 70
Св-08МХ;ГОСТ 2246 - 70
Св-08Н50;ГОСТ 2246 - 70
Св-08Х14ГНТ;ГОСТ 2246 - 70
Св-08Х16Н8М2;ГОСТ 2246 - 70
ЭП-377;ГОСТ 2246 - 70
Св-08Х18Н8Г2Б;ГОСТ 2246 - 70
ЭП-307;ГОСТ 2246 - 70
Св-08Х19Н10Г2Б;ГОСТ 2246 - 70
ЭИ-898;ГОСТ 2246 - 70
Св-08Х19Н10М3Б;ГОСТ 2246 - 70
ЭИ-902;ГОСТ 2246 - 70
Св-08Х19Н9Ф2С2;ГОСТ 2246 - 70
Св-08Х1ДЮ;ТУ 14-1-1148-75
Св-08Х20Н9Г7Т;ГОСТ 2246 - 70
Св-08Х21Н10Г6;ГОСТ 2246 - 70
Св-08Х25Н13БТЮ;ГОСТ 2246 - 70
ЭП-389;ГОСТ 2246 - 70
Св-08Х3Г2СМ;ГОСТ 2246 - 70
Св-08ХГ2С;ГОСТ 2246 - 70
Св-08ХГСМА;ГОСТ 2246 - 70
Св-08ХГСМФА;ГОСТ 2246 - 70
Св-08ХМ;ГОСТ 2246 - 70
Св-08ХМНФБА;ГОСТ 2246 - 70
Св-08ХМФА;ГОСТ 2246 - 70
Св-08ХН2Г2СМЮ;ГОСТ 2246 - 70
Св-08ХН2ГМТА;ГОСТ 2246 - 70
ЭП-111;ГОСТ 2246 - 70
Св-08ХН2ГМЮ;ГОСТ 2246 - 70
Св-08ХН2М;ГОСТ 2246 - 70
Св-08ХНМ;ГОСТ 2246 - 70
Св-09Х16Н25М6АФ;ГОСТ 2246 - 70
ЭИ-981А;ГОСТ 2246 - 70
Св-10Г2;ГОСТ 2246 - 70
Св-10Г2СМА;ГОСТ 2246 - 70
Св-10ГА;ГОСТ 2246 - 70
Св-10ГН;ГОСТ 2246 - 70
Св-10ГСМТ;ГОСТ 2246 - 70
Св-10МХ;ГОСТ 2246 - 70
Св-10НМА;ГОСТ 2246 - 70
Св-10Х11НВМФ;ГОСТ 2246 - 70
Св-10Х16Н25АМ6;ГОСТ 2246 - 70
Св-10Х17Т;ГОСТ 2246 - 70
Св-10Х20Н15;ГОСТ 2246 - 70
Св-10Х5М;ГОСТ 2246 - 70
Св-10ХГ2СМА;ГОСТ 2246 - 70
Св-10ХМ;ГОСТ 2246 - 70
Св-10ХМФА;ГОСТ 2246 - 70
Св-10ХМФТ;ГОСТ 2246 - 70
Св-10ХН2ГМТ;ГОСТ 2246 - 70
ЭИ-984;ГОСТ 2246 - 70
Св1201;ГОСТ 4784 - 97
Св-12ГС;ГОСТ 2246 - 70
Св-12Х11НМФ;ГОСТ 2246 - 70
Св-12Х13;ГОСТ 2246 - 70
Св-13Х25Н18;ГОСТ 2246 - 70
Св-13Х25Т;ГОСТ 2246 - 70
Св-13Х2МФТ;ГОСТ 2246 - 70
Св1557;ГОСТ 4784 - 97
Св1577пч;ГОСТ 4784 - 97
Св-15ГСТЮЦА;ГОСТ 2246 - 70
ЭП-439;ГОСТ 2246 - 70
Св-18ХГС;ГОСТ 2246 - 70
Св-18ХМА;ГОСТ 2246 - 70
Св-20ГСТЮА;ГОСТ 2246 - 70
Св-20Х13;ГОСТ 2246 - 70
Св-30Х15Н35В3Б3Т;ГОСТ 2246 - 70
Св-30Х25Н16Г7;ГОСТ 2246 - 70
СвА5;ГОСТ 4784 - 97
СвА85Т;ГОСТ 4784 - 97
СвА97;ГОСТ 4784 - 97
СвА99;ГОСТ 4784 - 97
СвАК10;ГОСТ 4784 - 97
СвАК5;ГОСТ 4784 - 97
СвАК5у;ГОСТ 7871 - 75
СвАМг3;ГОСТ 4784 - 97
СвАМг5;ГОСТ 4784 - 97
СвАМг6;ГОСТ 4784 - 97
СвАМг61;ГОСТ 4784 - 97
СвАМг63;ГОСТ 4784 - 97
СвАМц;ГОСТ 4784 - 97
Сил1С;ОСТ 1-92014-90
Сил2С;ОСТ 1-92014-90
СК10;ГОСТ 4762 - 71
СК10Р;ГОСТ 4762 - 71
СК15;ГОСТ 4762 - 71
СК15Р;ГОСТ 4762 - 71
СК20;ГОСТ 4762 - 71
СК20Р;ГОСТ 4762 - 71
СК25;ГОСТ 4762 - 71
СК25(ч);ГОСТ 4762 - 71
СК25Р;ГОСТ 4762 - 71
СК30;ГОСТ 4762 - 71
СК30(ч);ГОСТ 4762 - 71
СК30Р;ГОСТ 4762 - 71
СПТ-2;ГОСТ 27265 - 87
Ср99.9;ГОСТ 6836 - 2002
Ср999;ГОСТ 6836 - 2002
Ср99.99;ГОСТ 6836 - 2002
Ср999.9;ГОСТ 6836 - 2002
Ср999.9м;ГОСТ 6836 - 2002
Ср99.99Ан;ГОСТ 25474 - 2015
СрА-1;ГОСТ 28595 - 2015
СрА-2;ГОСТ 28595 - 2015
СрА-3;ГОСТ 28595 - 2015
СрА-4;ГОСТ 28595 - 2015
СрМ50;ГОСТ 6836 - 2002
СрМ75;ГОСТ 6836 - 2002
СрМ77;ГОСТ 6836 - 2002
СрМ80;ГОСТ 6836 - 2002
СрМ800;ГОСТ 30649 - 99
СрМ830;ГОСТ 30649 - 99
СрМ87.5;ГОСТ 6836 - 2002
СрМ875;ГОСТ 30649 - 99
СрМ90;ГОСТ 6836 - 2002
СрМ900;ГОСТ 6836 - 2002
СрМ91.6;ГОСТ 6836 - 2002
СрМ92.5;ГОСТ 6836 - 2002
СрМ925;ГОСТ 30649 - 99
СрМ94;ГОСТ 6836 - 2002
СрМ95;ГОСТ 6836 - 2002
СрМ96;ГОСТ 6836 - 2002
СрМ960;ГОСТ 30649 - 99
СрМ97;ГОСТ 6836 - 2002
СрПд60-40;ГОСТ 6836 - 2002
СрПд70-30;ГОСТ 6836 - 2002
СрПд80-20;ГОСТ 6836 - 2002
СрПд20;ГОСТ 6836 - 2002
СрПдМ50-30;ГОСТ 6836 - 2002
СрПл88-12;ГОСТ 6836 - 2002
СрПл12;ГОСТ 6836 - 2002
СрПл96-4;ГОСТ 6836 - 2002
ССу;ГОСТ 1292 - 81
ССу10;ГОСТ 1292 - 81
ССу2;ГОСТ 1292 - 81
ССу3;ГОСТ 1292 - 81
ССу8;ГОСТ 1292 - 81
ССуА;ГОСТ 1292 - 81
ССуМ;ГОСТ 1292 - 81
ССуМТ;ГОСТ 1292 - 81
Ст0;ГОСТ 380 - 2005
СТ-0;ГОСТ 10298 - 79
Ст1;ГОСТ 380-71
СТ-1;ГОСТ 10298 - 79
Ст1кп;ГОСТ 380 - 2005
Ст1пс;ГОСТ 380 - 2005
Ст1сп;ГОСТ 380 - 2005
Ст2кп;ГОСТ 380 - 2005
Ст2пс;ГОСТ 380 - 2005
Ст2сп;ГОСТ 380 - 2005
Ст3Гпс;ГОСТ 27772 - 88
Ст3Гсп;ГОСТ 27772 - 88
Ст3кп;ГОСТ 380 - 2005
Ст3кп2;ГОСТ 27772 - 88
Ст3пс;ГОСТ 27772 - 88
Ст3пс5;ГОСТ 27772 - 88
Ст3сп;ГОСТ 27772 - 88
Ст3сп5;ГОСТ 27772 - 88
Ст4кп;ГОСТ 380 - 2005
Ст4пс;ГОСТ 380 - 2005
Ст4сп;ГОСТ 380 - 2005
Ст5Гпс;ГОСТ 380 - 2005
Ст5пс;ГОСТ 5781 - 82
Ст5сп;ГОСТ 380 - 2005
Ст6;ГОСТ 5781 - 82
Ст6пс;ГОСТ 380 - 2005
Ст6сп;ГОСТ 380 - 2005
СтальГОСТ5257-98;ГОСТ 5257 - 98
Су0;ГОСТ 1089 - 82
Су00;ГОСТ 1089 - 82
Су000;ГОСТ 1089 - 82
Су0000;ГОСТ 1089 - 82
Су00000;ГОСТ 1089 - 82
Су0000П;ГОСТ 1089 - 82
Су1;ГОСТ 1089 - 82
Су2;ГОСТ 1089 - 82
СЧ10;ГОСТ 1412 - 85
СЧ15;ГОСТ 1412 - 85
СЧ20;ГОСТ 1412 - 85
СЧ25;ГОСТ 1412 - 85
СЧ30;ГОСТ 1412 - 85
СЧ35;ГОСТ 1412 - 85
Т0;ГОСТ 17614 - 80
Т1;ГОСТ 17614 - 80
Т14К8;ГОСТ 3882 - 74
Т15К6;ГОСТ 3882 - 74
Т2;ГОСТ 17614 - 80
Т30К4;ГОСТ 3882 - 74
Т5К10;ГОСТ 3882 - 74
Т60;ГОСТ 5876 - 82
Т8К7;ГОСТ 3882 - 74
ТГ-100;ГОСТ 17746 - 96
ТГ-110;ГОСТ 17746 - 96
ТГ-120;ГОСТ 17746 - 96
ТГ-130;ГОСТ 17746 - 96
ТГ-150;ГОСТ 17746 - 96
ТГ-90;ГОСТ 17746 - 96
ТГ-Тв;ГОСТ 17746 - 96
Тл0;ГОСТ 18337 - 95
Тл00;ГОСТ 18337 - 95
Тл000;ГОСТ 18337 - 95
Тл0000;ГОСТ 18337 - 95
Тл1;ГОСТ 18337 - 95
ТН20;ГОСТ 26530 - 85
ТС6;Not found
ТТ10К8Б;ГОСТ 3882 - 74
ТТ10К8-Б;ГОСТ 3882 - 74
ТТ20К9;ГОСТ 3882 - 74
ТТ7К12;ГОСТ 3882 - 74
ВП1255;ГОСТ 3882 - 74
ТТ8К6;ГОСТ 3882 - 74
У10;ГОСТ 1435 - 99
У10А;ГОСТ 1435 - 99
У11;ГОСТ 1435 - 99
У11А;ГОСТ 1435-74
У12;ГОСТ 1435 - 99
У12А;ГОСТ 1435 - 99
У13;ГОСТ 1435-74
У13А;ГОСТ 1435-74
У7;ГОСТ 1435 - 99
У7А;ГОСТ 1435 - 99
У8;ГОСТ 1435 - 99
У8А;ГОСТ 14959 - 79
У8Г;ГОСТ 1435 - 99
У8ГА;ГОСТ 1435 - 99
У9;ГОСТ 1435 - 99
У9А;ГОСТ 1435 - 99
УС;ГОСТ 1292 - 81
УСМ;ГОСТ 1292 - 81
ФБ12;ГОСТ 14848 - 69
ФБ17;ГОСТ 14848 - 69
ФБ20;ГОСТ 14848 - 69
ФБ6;ГОСТ 14848 - 69
ФВ65;ГОСТ 17293 - 93
ФВ70;ГОСТ 17293 - 93
ФВ70(а);ГОСТ 17293 - 93
ФВ72;ГОСТ 17293 - 93
ФВ75(а);ГОСТ 17293 - 93
ФВ80(а);ГОСТ 17293 - 93
ФВд40У0.5;ГОСТ 27130 - 94
ФВд40У0.75;ГОСТ 27130 - 94
ФВд40У1;ГОСТ 27130 - 94
ФВд50У0.3;ГОСТ 27130 - 94
ФВд50У0.4;ГОСТ 27130 - 94
ФВд50У0.5;ГОСТ 27130 - 94
ФВд50У0.6;ГОСТ 27130 - 94
ФВд50У0.75;ГОСТ 27130 - 94
ФМн70(А);ГОСТ 4755 - 91
ФМн70(Б);ГОСТ 4755 - 91
ФМн78(А);ГОСТ 4755 - 91
ФМн78(Б);ГОСТ 4755 - 91
ФМн88(А);ГОСТ 4755 - 91
ФМн88(Б);ГОСТ 4755 - 91
ФМн90(А);ГОСТ 4755 - 91
ФМн90(Б);ГОСТ 4755 - 91
ФМо50;ГОСТ 4759 - 91
ФМо55;ГОСТ 4759 - 91
ФМо58;ГОСТ 4759 - 91
ФМо58(нк);ГОСТ 4759 - 91
ФМо60;ГОСТ 4759 - 91
ФМо60(нк);ГОСТ 4759 - 91
ФН650С;ГОСТ 16773 - 2003
ФН655(ф);ГОСТ 16773 - 2003
ФН655С;ГОСТ 16773 - 2003
ФН658;ГОСТ 16773 - 2003
ФН658(ф);ГОСТ 16773 - 2003
ФН660;ГОСТ 16773 - 2003
ФС20;ГОСТ 1415 - 93
ФС25;ГОСТ 1415 - 93
ФС45;ГОСТ 1415 - 93
ФС50;ГОСТ 1415 - 93
ФС65;ГОСТ 1415 - 93
ФС70;ГОСТ 1415 - 93
ФС70Al1;ГОСТ 1415 - 93
ФС75;ГОСТ 1415 - 93
ФС90;ГОСТ 1415 - 93
ФТи25;ГОСТ 4761 - 91
ФТи30;ГОСТ 4761 - 91
ФТи35С5;ГОСТ 4761 - 91
ФТи35С7;ГОСТ 4761 - 91
ФТи35С8;ГОСТ 4761 - 91
ФТи70С05;ГОСТ 4761 - 91
ФТи70С05Сн03;ГОСТ 4761 - 91
ФТи70С08;ГОСТ 4761 - 91
ФТи70С1;ГОСТ 4761 - 91
ФХ001А;ГОСТ 4757 - 91
ФХ001Б;ГОСТ 4757 - 91
ФХ002А;ГОСТ 4757 - 91
ФХ002Б;ГОСТ 4757 - 91
ФХ003А;ГОСТ 4757 - 91
ФХ003Б;ГОСТ 4757 - 91
ФХ004А;ГОСТ 4757 - 91
ФХ004Б;ГОСТ 4757 - 91
ФХ005А;ГОСТ 4757 - 91
ФХ005Б;ГОСТ 4757 - 91
ФХ006А;ГОСТ 4757 - 91
ФХ006Б;ГОСТ 4757 - 91
ФХ010А;ГОСТ 4757 - 91
ФХ010Б;ГОСТ 4757 - 91
ФХ015А;ГОСТ 4757 - 91
ФХ015Б;ГОСТ 4757 - 91
ФХ025А;ГОСТ 4757 - 91
ФХ025Б;ГОСТ 4757 - 91
ФХ050А;ГОСТ 4757 - 91
ФХ050Б;ГОСТ 4757 - 91
ФХ100А;ГОСТ 4757 - 91
ФХ100Б;ГОСТ 4757 - 91
ФХ200А;ГОСТ 4757 - 91
ФХ200Б;ГОСТ 4757 - 91
ФХ400А;ГОСТ 4757 - 91
ФХ400Б;ГОСТ 4757 - 91
ФХ650А;ГОСТ 4757 - 91
ФХ650Б;ГОСТ 4757 - 91
ФХ800А;ГОСТ 4757 - 91
ФХ800Б;ГОСТ 4757 - 91
ФХ850А;ГОСТ 4757 - 91
ФХ850Б;ГОСТ 4757 - 91
ФХ900А;ГОСТ 4757 - 91
ФХ900Б;ГОСТ 4757 - 91
ФХН100А;ГОСТ 4757 - 91
ФХН100Б;ГОСТ 4757 - 91
ФХН200А;ГОСТ 4757 - 91
ФХН200Б;ГОСТ 4757 - 91
ФХН400А;ГОСТ 4757 - 91
ФХН400Б;ГОСТ 4757 - 91
ФХН600А;ГОСТ 4757 - 91
ФХН600Б;ГОСТ 4757 - 91
ФХС20;ГОСТ 11861 - 91
ФХС20Р;ГОСТ 11861 - 91
ФХС33;ГОСТ 11861 - 91
ФХС33Р;ГОСТ 11861 - 91
ФХС40;ГОСТ 11861 - 91
ФХС40Р;ГОСТ 11861 - 91
ФХС48;ГОСТ 11861 - 91
ФХС48Р;ГОСТ 11861 - 91
Х;ГОСТ 5950 - 2000
Х12;ГОСТ 5950 - 2000
Х12ВМ;ГОСТ 5950 - 2000
Х12ВМФ;ГОСТ 5950 - 2000
Х12М;ГОСТ 5950 - 2000
Х12МФ;ГОСТ 5950 - 2000
Х12Ф1;ГОСТ 5950 - 2000
Х13Ю4;ГОСТ 10994-74
Х15Н60;ГОСТ 10994 - 74
Х15Н60-ВИ;ГОСТ 10994 - 74
Х15Н60-Н;ГОСТ 10994 - 74
Х15Н60-Н-ВИ;ГОСТ 10994 - 74
Х15Ю5;ГОСТ 10994 - 74
Х20Н73ЮМ-ВИ;ГОСТ 10994 - 74
Х20Н80;ГОСТ 10994 - 74
Х20Н80-ВИ;ГОСТ 10994 - 74
Х20Н80-Н;ГОСТ 10994 - 74
Х20Н80-Н-ВИ;ГОСТ 10994 - 74
Х23Ю5;ГОСТ 10994 - 74
Х23Ю5Т;ГОСТ 10994 - 74
Х25Н20;ГОСТ 10994-74
Х27Ю5Т;ГОСТ 10994 - 74
Х6В3ФМ;ГОСТ 5950 - 2000
Х6ВФ;ГОСТ 5950 - 2000
Х6Ф1;ГОСТ 15891 - 70
Х6Ф4М;Not found
Х97.5;ГОСТ 5905 - 2004
Х98.5;ГОСТ 5905 - 2004
Х99;ГОСТ 5905 - 2004
Х99Н1;ГОСТ 5905 - 2004
Х99Н2;ГОСТ 5905 - 2004
Х99Н4;ГОСТ 5905 - 2004
Х99Н5;ГОСТ 5905 - 2004
ХВ4;ТУ 5950-73
ХВ4Ф;ГОСТ 5950-73
ХВГ;ГОСТ 5950 - 2000
ХВСГ;ГОСТ 5950 - 2000
ХВСГФ;ГОСТ 5950 - 2000
ХГ;ГОСТ 5950 - 2000
ХГС;ГОСТ 5950 - 2000
ХК62М6Л;ГОСТ Р 51395 - 99
ХН20ЮС;ГОСТ 10994 - 74
ХН28ВМАБ;ГОСТ 5632 - 72
Х21Н28В5М3БАР;ГОСТ 5632 - 72
ЭП126;ГОСТ 5632 - 72
ХН32Т;ГОСТ 5632 - 72
Х20Н32Т;ГОСТ 5632 - 72
ЭП670;ГОСТ 5632 - 72
ХН33БС;ТУ 14-1-5581-2009
ХН35ВТ;ГОСТ 5632 - 72
ЭИ612;ГОСТ 5632 - 72
ХН35ВТР;Not found
ЭИ725;Not found
ХН35ВТЮ;ГОСТ 5632 - 72
ЭИ787;ГОСТ 5632 - 72
ХН38ВБ;ГОСТ 5632 - 72
ЭИ703Б;ГОСТ 5632 - 72
ХН38ВТ;ГОСТ 5632 - 72
ЭИ703;ГОСТ 5632 - 72
ХН45Ю;ГОСТ 5632 - 72
ЭП747;ГОСТ 5632 - 72
ХН51ВМТЮКФР-ВД;ГОСТ 23705 - 79
ЭП220-ВД;ГОСТ 23705 - 79
ХН51ВМТЮКФР;ГОСТ 23705 - 79
ХН55ВМТКЮ;ГОСТ 5632 - 72
ЭИ929;ГОСТ 5632 - 72
ХН55ВМТКЮ-ВД;ГОСТ 5632 - 72
ЭИ929-ВД;ГОСТ 5632 - 72
ХН55МВЮ;ГОСТ 5632 - 72
ХН55М6ВЮ;ГОСТ 5632 - 72
ЭП454;ГОСТ 5632 - 72
ХН56ВМКЮ;ГОСТ 5632 - 72
ЭП109;ГОСТ 5632 - 72
ХН56ВМКЮ-ВД;ГОСТ 5632 - 72
ЭП109-ВД;ГОСТ 5632 - 72
ХН56ВМТЮ;ГОСТ 5632 - 72
ЭП199;ГОСТ 5632 - 72
ХН57МТВЮ;ГОСТ 5632 - 72
ЭП590;ГОСТ 5632 - 72
ХН58В;ГОСТ 5632 - 72
ЭП795;ГОСТ 5632 - 72
ХН58ВМКЮР-ВД;ГОСТ 23705 - 79
ЭП238-ВД;ГОСТ 23705 - 79
ХН58ВМКЮР;ГОСТ 23705 - 79
ХН60ВТ;ГОСТ 5632 - 72
ЭИ868;ГОСТ 5632 - 72
ХН60МЮВТ-ВД;ГОСТ 23705 - 79
ЭП539-ВД;ГОСТ 23705 - 79
ХН60МЮВТ;ГОСТ 23705 - 79
ХН60Ю;ГОСТ 5632 - 72
ЭИ559А;ГОСТ 5632 - 72
ХН62МВКЮ;ГОСТ 5632 - 72
ХН62ВМКЮ;ГОСТ 5632 - 72
ЭИ867;ГОСТ 5632 - 72
ХН62МВКЮ-ВД;ГОСТ 5632 - 72
ЭИ867-ВД;ГОСТ 5632 - 72
ХН65ВМТЮ;ГОСТ 5632 - 72
ХН65МВТЮ;ГОСТ 5632 - 72
ЭИ893;ГОСТ 5632 - 72
ХН65ВМТЮ-ВД;ГОСТ 5632 - 72
ЭИ893-ВД;ГОСТ 5632 - 72
ХН65ВМТЮ-ВИ;ГОСТ 5632 - 72
ЭИ893-ВИ;ГОСТ 5632 - 72
ХН65МВ;ГОСТ 5632 - 72
0Х15Н65М16В;ГОСТ 5632 - 72
ЭП567;ГОСТ 5632 - 72
ХН65МВУ;ГОСТ 5632 - 72
ЭП760;ГОСТ 5632 - 72
ХН67МВТЮ;ГОСТ 5632 - 72
ЭИ202;ГОСТ 5632 - 72
ХН67МВТЮ-ВД;ГОСТ 5632 - 72
ЭП202;ГОСТ 5632 - 72
ЭП202-ВД;ГОСТ 5632 - 72
ХН70ВМТЮ;ГОСТ 5632 - 72
ЭИ617;ГОСТ 5632 - 72
ХН70ВМТЮ-ВИ;ГОСТ 5632 - 72
ЭИ617-ВИ;ГОСТ 5632 - 72
ХН70ВМТЮФ;ГОСТ 5632 - 72
ЭИ826;ГОСТ 5632 - 72
ХН70ВМТЮФ-ВД;ГОСТ 5632 - 72
ЭИ826-ВД;ГОСТ 5632 - 72
ХН70ВМЮТ;ГОСТ 5632 - 72
ЭИ765;ГОСТ 5632 - 72
ХН70МВТЮБ;ГОСТ 5632 - 72
ЭИ598;ГОСТ 5632 - 72
ХН70МВТЮБ-ВИ;ГОСТ 5632 - 72
ЭИ598-ВИ;ГОСТ 5632 - 72
ХН70МВТЮБ-ВД;ГОСТ 5632 - 72
ЭИ598-ВД;ГОСТ 5632 - 72
ХН70Ю;ГОСТ 5632 - 72
ЭИ652;ГОСТ 5632 - 72
ХН70Ю-Н;ГОСТ 10994 - 74
ХН75ВМЮ;ГОСТ 5632 - 72
ЭИ827;ГОСТ 5632 - 72
ХН75МБТЮ;ГОСТ 5632 - 72
ЭИ602;ГОСТ 5632 - 72
ХН77ТЮ;ГОСТ 5632 - 72
ЭИ437А;ГОСТ 5632 - 72
ХН77ТЮР;ГОСТ 5632 - 72
ЭИ437Б;ГОСТ 5632 - 72
ХН77ТЮР-ВД;ГОСТ 5632 - 72
ЭИ437Б-ВД;ГОСТ 5632 - 72
ХН77ТЮРУ;ГОСТ 5632 - 72
ЭИ437БУ;ГОСТ 5632 - 72
ХН77ТЮРУ-ВД;ГОСТ 5632 - 72
ЭИ437БУ-ВД;ГОСТ 5632 - 72
ХН77ТЮРУ-ПД;ГОСТ 5632 - 72
ЭИ437БУ-ПД;ГОСТ 5632 - 72
ХН78Т;ГОСТ 5632 - 72
ЭИ435;ГОСТ 5632 - 72
ХН80ТБЮ;ГОСТ 5632 - 72
ЭИ607;ГОСТ 5632 - 72
Ц0;ГОСТ 3640 - 94
Ц0А;ГОСТ 3640 - 94
Ц1;ГОСТ 3640 - 94
Ц1С;ГОСТ 3640-79
Ц2;ГОСТ 3640 - 94
Ц2С;ГОСТ 3640-79
Ц3;ГОСТ 3640 - 94
Ц3С;ГОСТ 3640-79
ЦА30М5;ГОСТ 25140 - 93
ЦА4;ГОСТ 25140 - 93
ЦА4М1;ГОСТ 25140 - 93
ЦА4М1в;ГОСТ 25140 - 93
ЦА4М1о;ГОСТ 25140 - 93
ЦА4М3;ГОСТ 25140 - 93
ЦА4М3о;ГОСТ 25140 - 93
ЦА4о;ГОСТ 25140 - 93
ЦА8М1;ГОСТ 25140 - 93
ЦАМ0.2-4;Not found
ЦАМ10-2;Not found
Цам10-5;ГОСТ 21437 - 95
ЦАМ10-5Л;ГОСТ 21437 - 95
ЦАМ15;Not found
ЦАМ2-5;Not found
ЦАМ4-1;ГОСТ 19424 - 97
ЦАМ4-1в;ГОСТ 19424 - 97
ЦАМ4-1о;ГОСТ 19424 - 97
ЦАМ9-1.5;ГОСТ 21437 - 95
ЦАМ9-1.5Л;ГОСТ 21437 - 95
ЦВ;ГОСТ 3640 - 94
ЦВ0;ГОСТ 3640 - 94
ЦВ00;ГОСТ 3640 - 94
ЦМ1;Not found
ЦМП;ГОСТ 18326 - 87
ЧВГ30;ГОСТ 28394 - 89
ЧВГ35;ГОСТ 28394 - 89
ЧВГ40;ГОСТ 28394 - 89
ЧВГ45;ГОСТ 28394 - 89
ЧГ6С3Ш;ГОСТ 7769 - 82
ЧГ7Х4;ГОСТ 7769 - 82
ЧГ8Д3;ГОСТ 7769 - 82
ЧН11Г7Ш;ГОСТ 7769 - 82
ЧН15Д3Ш;ГОСТ 7769 - 82
ЧН15Д7;ГОСТ 7769 - 82
ЧН19Х3Ш;ГОСТ 7769 - 82
ЧН20Д2Ш;ГОСТ 7769 - 82
ЧН2Х;ГОСТ 7769 - 82
ЧН3ХМДШ;ГОСТ 7769 - 82
ЧН4Х2;ГОСТ 7769 - 82
ЧНМШ;ГОСТ 7769 - 82
ЧНХМД;ГОСТ 7769 - 82
ЧНХМДШ;ГОСТ 7769 - 82
ЧНХТ;ГОСТ 7769 - 82
ЧС13;ГОСТ 7769 - 82
ЧС15;ГОСТ 7769 - 82
ЧС15М4;ГОСТ 7769 - 82
ЧС17;ГОСТ 7769 - 82
ЧС17М3;ГОСТ 7769 - 82
ЧС5;ГОСТ 7769 - 82
ЧС5Ш;ГОСТ 7769 - 82
ЧХ1;ГОСТ 7769 - 82
ЧХ16;ГОСТ 7769 - 82
ЧХ16М2;ГОСТ 7769 - 82
ЧХ2;ГОСТ 7769 - 82
ЧХ22;ГОСТ 7769 - 82
ЧХ22С;ГОСТ 7769 - 82
ЧХ28;ГОСТ 7769 - 82
ЧХ28Д2;ГОСТ 7769 - 82
ЧХ28П;ГОСТ 7769 - 82
ЧХ3;ГОСТ 7769 - 82
ЧХ32;ГОСТ 7769 - 82
ЧХ3Т;ГОСТ 7769 - 82
ЧХ9Н5;ГОСТ 7769 - 82
ЧЮ22Ш;ГОСТ 7769 - 82
ЧЮ30;ГОСТ 7769 - 82
ЧЮ6С5;ГОСТ 7769 - 82
ЧЮ7Х2;ГОСТ 7769 - 82
ЧЮХШ;ГОСТ 7769 - 82
ШХ10;ГОСТ 808 - 70
ШХ12;ГОСТ 801 - 78
ШХ15;ГОСТ 801 - 78
ШХ15-Ш;ГОСТ 801 - 78
ШХ15-В;ГОСТ 801 - 78
ШХ15СГ;ГОСТ 5950 - 2000
ШХ15-ШД;ГОСТ 21022 - 75
ШХ20СГ;ГОСТ 801 - 78
ШХ4;ГОСТ 801 - 78
ШХ9;ГОСТ 801 - 78
Э76;ГОСТ Р 51685 - 2000
Э76Т;ГОСТ Р 51685 - 2000
Э76Ф;ГОСТ Р 51685 - 2000
Э78ХСФ;ГОСТ Р 51685 - 2000
Э86Ф;ГОСТ Р 51685 - 2000
ЭИ698МП;ГОСТ Р 52802 - 2007
ВЖ136;ГОСТ Р 52802 - 2007
ХН66ВМТЮБ;ГОСТ Р 52802 - 2007
ЭИ698П;ГОСТ Р 52802 - 2007
ХН71МТЮБ;ГОСТ Р 52802 - 2007
ЭП741НП;ГОСТ Р 52802 - 2007
ХН51КВМТЮБ;ГОСТ Р 52802 - 2007
ЭП741П;ГОСТ Р 52802 - 2007
ХН53КВМТЮБ;ГОСТ Р 52802 - 2007
ЭП962П;ГОСТ Р 52802 - 2007
ХН54КВМТЮБ;ГОСТ Р 52802 - 2007
ЭП975-ИД;ТУ 1-801-1839-99
ЭП975ИД;ТУ 1-801-1839-99
ЖС6УД;ТУ 1-801-1839-99
ЭП975П;ГОСТ Р 52802 - 2007
ХН52КВМТЮБ;ГОСТ Р 52802 - 2007
ЮНДК;ГОСТ 17809 - 72
ЮНДКБА;ГОСТ 17809 - 72
ЮНДКИ;ГОСТ 17809 - 72
ЮНДКТ5;ГОСТ 17809 - 72
ЮНДКТ5АА;ГОСТ 17809 - 72
ЮНДКТ5БА;ГОСТ 17809 - 72
ЮНДКТ8;ГОСТ 17809 - 72
ЮНДЧ;ГОСТ 17809 - 72
ЮНТС;ГОСТ 17809 - 72
